State,Drought_Percentage,Crop_Type,Rainfall_mm,Temperature_C,Soil_Moisture_Percent
Karnataka,43.54718698123373,Jute,324.83570765056163,41.99677718293001,11.624108625128091
Manipur,55.19288389188313,Maize,293.0867849414408,39.62316841456384,14.277406646422412
Nagaland,44.26462717728351,Cotton,332.3844269050346,35.29815184960087,11.037900395000193
Jammu & Kashmir,36.73768141635659,Jute,376.15149282040124,31.76531611147213,13.460192351804798
Andhra Pradesh,62.200180077707934,Jute,288.2923312638332,38.49111656806795,5.531926665231072
Assam,54.24415584671056,Sugarcane,288.293152152541,36.96742692710875,16.066468536864694
Assam,33.25450849130002,Jute,378.9606407753696,39.47596610013866,15.00602737681112
Uttarakhand,39.770151496039766,Groundnut,338.37173645764545,38.175859008409844,10.914556844659046
Gujarat,65.43966583418606,Sugarcane,276.5262807032524,40.247763576596675,18.296228342162024
Andhra Pradesh,43.39622780438006,Wheat,327.1280021792982,32.32382394219716,19.68785068813279
Tripura,64.17855144352305,Groundnut,276.8291153593769,41.58697032817163,6.9622006781551296
Karnataka,66.37232601914825,Soybean,276.71351232148714,35.987998023462,11.186376107168929
Goa,50.14077902157214,Jute,312.0981135783017,45.37630436312632,11.154288251063509
Punjab,79.04045040234072,Wheat,204.3359877671101,31.55406090955216,10.300484494455677
Assam,79.97540092894137,Maize,213.75410837434836,43.67981901582625,19.147374209658743
Odisha,66.44697063196936,Cotton,271.88562353795135,35.98955391731324,14.030869306135983
Arunachal Pradesh,64.57218743034588,Jute,249.35844398327882,31.74290998192776,13.677425793446947
Nagaland,42.44460856772861,Rice,315.71236662976366,32.580570829728394,4.980688177966233
Kerala,65.7947193462716,Wheat,254.59879622393944,33.3982634590284,18.17709015104613
West Bengal,78.97768329068636,Rice,229.38481493323542,37.12082973200958,8.803708025732638
Jharkhand,36.6084533328016,Jute,373.2824384460777,37.6141774401775,15.299663151331641
Chhattisgarh,55.5202595926095,Rice,288.71118497567323,32.131499980307105,16.386884689790957
Himachal Pradesh,50.94994888817782,Jute,303.3764102343962,34.87822703869509,21.803292979193255
Arunachal Pradesh,83.10437898621215,Cotton,228.76259068932717,45.71135179305932,8.455898004404439
Arunachal Pradesh,61.82238356130836,Maize,272.78086377374086,43.637715850503554,-0.09756077910412664
Uttarakhand,51.98199788693244,Cotton,305.5461294854933,37.18161834837016,15.919247723768475
Goa,70.75653008802908,Groundnut,242.45032112888487,35.190017390841,24.002555907554267
West Bengal,49.18820670564308,Wheat,318.7849009172836,35.600156633591304,21.19473176469719
Jharkhand,62.504466934354355,Rice,269.9680655040597,38.06758986365208,16.048297076373128
Nagaland,58.160927472392856,Cotton,285.41531251033615,29.886037174007974,12.541819071839763
Kerala,54.9853385448426,Jute,269.91466938853017,33.71311731288328,19.035612983186553
Bihar,23.50463998460779,Cotton,392.6139092254469,26.657079630612053,10.132269001477656
Sikkim,56.07574944397285,Cotton,299.3251387631033,36.9961156130264,17.381788846781095
Rajasthan,67.7289419437529,Wheat,247.114453552205,38.2359796985137,17.527350795833133
Mizoram,40.73291524208896,Maize,341.12724560515943,32.58406768850313,20.3010495374944
Manipur,73.55983453074919,Soybean,238.9578175014489,42.869933816450164,28.798300194555388
Goa,48.460715300542624,Cotton,310.4431797502378,28.871171684988294,16.962079835893835
Meghalaya,83.13010925072304,Wheat,202.01649380601123,27.6781255989509,12.455181871462507
Mizoram,71.8245483073441,Rice,233.59069755507846,36.12225909279986,14.872128439040027
Assam,53.73312050927201,Jute,309.8430617934562,40.23549151306077,6.15462047555441
Jharkhand,47.843636523725,Groundnut,336.92332899977055,43.419638457289345,11.526434344554708
Chhattisgarh,52.17178690760189,Soybean,308.56841405949854,32.7055786856553,12.953587809434481
Maharashtra,56.20393247969503,Sugarcane,294.217585880588,40.393404167156476,12.379558010327038
Uttar Pradesh,59.47588894044377,Soybean,284.9448152205356,34.80745765249647,15.76177436016861
West Bengal,79.36913243997658,Jute,226.07390048162864,34.1368635002959,10.887900338088997
Rajasthan,59.168631155628624,Soybean,264.00778958026456,39.41829968743336,20.605153336622358
Madhya Pradesh,65.65321657547574,Jute,276.9680614520106,38.261614392067095,15.001035324590985
Uttar Pradesh,35.66793772427351,Wheat,352.8561113109458,27.118039215078753,14.953498394306928
Goa,52.643902817763276,Sugarcane,317.18091447842306,42.38270174862948,13.36052641743541
Kerala,86.08322596042221,Cotton,211.84799223186332,41.90045677073726,15.775953419294895
Uttar Pradesh,43.96582575111008,Cotton,316.20419846973977,31.872186492452354,19.125491323338174
Haryana,59.37307683074028,Soybean,280.74588597918415,36.979017667187044,10.664348921445498
Chhattisgarh,64.95557843411946,Wheat,266.1538999847021,37.47015093141369,11.709417554623716
Manipur,43.49407339132523,Sugarcane,330.5838144420434,36.303368829119535,13.481369856116677
Jammu & Kashmir,44.727806585327095,Cotton,351.5499761247975,32.2484742307729,8.270645382633926
Meghalaya,37.81349398072862,Rice,346.56400595580993,31.641883160309742,10.903710701392512
Andhra Pradesh,65.80370426558741,Maize,258.0391238388681,34.87222964504277,12.618895632276704
Meghalaya,60.3436293480189,Maize,284.53938120743925,40.86364509629682,19.37194590356364
Chhattisgarh,46.281156601655354,Cotton,316.5631715701782,37.71800077297216,16.312806645009626
Assam,37.98281906587061,Sugarcane,348.77725635611796,33.14692833956947,15.967949556837722
Punjab,62.77759227144916,Groundnut,276.0412881077355,38.85849355324172,19.25448981083986
Manipur,52.94711786958569,Cotton,290.71705116680914,20.75728689684962,14.313141058003017
Madhya Pradesh,71.83959432264369,Groundnut,244.68325129969858,40.74382850186052,16.952324249644448
Telangana,68.85130113249994,Groundnut,240.18966879596647,26.301431106109504,14.483891235337518
Meghalaya,37.01479049922939,Jute,340.6262911197099,33.18779529298434,16.326811746998143
Tamil Nadu,34.21564987966204,Jute,367.8120014285412,29.401650526869282,12.08620671194209
Karnataka,61.46071592587271,Sugarcane,296.39949392098333,28.526592621395473,2.805914208617855
Rajasthan,40.94467674249682,Groundnut,350.1766448946012,40.8041339368926,14.328604189068479
Arunachal Pradesh,47.853591114017306,Rice,318.0818012523817,32.661493993440544,22.113740680499703
Sikkim,65.82136267759441,Sugarcane,267.7440122697438,36.73251940865358,19.631077011207964
Jammu & Kashmir,44.281988251457435,Cotton,318.0697802754207,34.76539710560408,19.826987422955852
Goa,35.914312764648116,Soybean,376.90182832329845,37.385204136115604,21.18065360903109
Uttar Pradesh,55.61816852633859,Rice,298.2086980445024,35.38410945530128,15.443287954807188
Uttar Pradesh,34.12212390764085,Wheat,378.23218279070034,28.58503887905715,15.986578537027977
Jammu & Kashmir,93.39425947419929,Maize,169.0127447955128,39.9813340972357,11.91174052282825
Goa,47.26033465794248,Cotton,341.0951252187612,32.531217084193436,13.41963571986475
Maharashtra,53.05333636638474,Cotton,304.35235341190855,27.217090506701247,18.07885574885571
Tripura,59.015982908927015,Cotton,285.0496324767066,32.85942419517044,21.019422185844082
Karnataka,55.71368557488038,Rice,304.5880388267751,42.503798953171554,14.302768621595002
Haryana,85.02045530436155,Wheat,200.62155426995537,39.251108710567465,12.749053675742942
Haryana,60.95112454459349,Soybean,289.0164056081244,33.2567393279607,15.002639794282986
Andhra Pradesh,48.54980470487232,Sugarcane,317.85562857558733,33.25371147840786,18.006033744645574
Rajasthan,27.241902459542395,Jute,373.8947022370758,33.391824743913084,7.780725919332291
Gujarat,63.46006735867643,Wheat,274.0864890863176,45.383739917804206,3.5190952343138093
Goa,67.01051592225296,Rice,259.57531985534064,36.90967726115777,12.247315752542082
Rajasthan,64.55239665682346,Cotton,274.91214782077316,37.15020823595535,8.896437870429207
Haryana,42.22434933624309,Maize,345.7701058851037,40.151417270159214,12.459299011763445
Odisha,53.60208893475734,Cotton,316.43755548298424,36.19394579513257,14.261098405912643
Sikkim,56.653880971317626,Sugarcane,273.51198981164805,33.704789270896484,12.733757954884933
Rajasthan,45.62799445033192,Groundnut,325.6633716556678,34.01825075457511,22.262337672353727
Telangana,47.15239497187553,Maize,304.853877467402,34.64199370292968,16.6337238230116
Punjab,41.86504611546867,Cotton,348.43224952664445,34.813888817450795,16.502371798054142
Haryana,65.04303809373107,Soybean,264.89734530613237,38.6381477181849,18.11103572021701
Uttar Pradesh,61.73610932725113,Maize,283.6168926701116,35.2597294290365,9.305834411096154
Maharashtra,57.699988031512085,Groundnut,280.3945923433921,38.6632003860779,20.195558937101342
Nagaland,80.27892715892419,Jute,226.82425259339408,34.596417099457085,14.621178567322701
Tripura,52.62901996328233,Wheat,314.8060138532288,35.39317595158045,18.352403086206063
West Bengal,50.8523866232206,Rice,313.05276360899444,25.00899657733946,9.640713834799222
Meghalaya,56.49608055451317,Jute,300.255672832123,39.581638373512405,7.231206169919679
Himachal Pradesh,59.40792637394675,Cotton,288.27064333124264,36.73244237948996,19.089448290125144
Manipur,74.47223715496435,Sugarcane,229.23146289747928,39.99005054929826,16.882047630487584
Uttar Pradesh,60.68540221351796,Wheat,278.96773386173203,20.518723109031555,10.489742228212448
Jharkhand,67.86666259483816,Jute,282.8642741736615,45.44187352390364,10.651684593626527
West Bengal,68.55588707765489,Cotton,259.88613653891906,34.30205185922413,20.627173922073847
Sikkim,57.09546519982472,Wheat,291.93571441669957,40.54091408368758,9.05294053566336
Meghalaya,46.73876010862281,Jute,320.2025428407269,29.800470364372345,23.213364766279817
Bihar,23.763920633621055,Sugarcane,394.3092950605265,38.063869525312846,10.496896326760655
Punjab,51.71252567515433,Cotton,308.72889064159193,29.73292218413172,18.191959628041914
Madhya Pradesh,51.48795999889651,Groundnut,312.8775195361382,31.881155196520975,13.356907621255077
Sikkim,51.71388503383033,Groundnut,296.2777042116916,44.570156769333934,18.015937155411716
Chhattisgarh,80.07312090345158,Sugarcane,204.06143923504794,34.04658799618327,12.279429989429037
Sikkim,54.414432915050796,Maize,298.67430622753915,36.087164365898616,14.18603546963853
Gujarat,53.65824098396781,Sugarcane,303.01151049705135,39.35033865344377,15.204595876978606
Tamil Nadu,15.291045630689476,Maize,423.1621056242643,37.47840943986302,9.989062721092637
Himachal Pradesh,58.032902175172964,Cotton,290.3819517609439,35.75209452571788,18.704121727100627
Haryana,51.58344112012958,Jute,315.07736711668065,36.824805012331126,12.433932167642073
West Bengal,57.49329322786243,Maize,298.26441151473784,47.01707792619138,13.857000423299906
Meghalaya,70.58339186387144,Cotton,241.5660981190234,34.711906014832074,10.028253126957438
Goa,42.9843761767566,Cotton,357.14114072575103,36.005495233574834,2.1883317060234475
Uttarakhand,49.56781896728105,Soybean,337.5966516343387,40.25327198003806,14.044861186999155
Meghalaya,40.26622008791486,Rice,339.5515973521523,40.52762966478992,27.06307710806458
Goa,67.00944461332374,Cotton,254.53062726026306,40.9351515278019,18.92302143949012
Maharashtra,35.632274915745995,Maize,370.13971554680495,38.19365111014592,14.903698101328027
Rajasthan,73.31960927661314,Rice,229.90744686038596,29.284975436347583,13.685545853958661
Andhra Pradesh,47.16135823456643,Rice,329.3428546900135,43.16715766150548,15.112329464060231
Tripura,21.880142160082745,Cotton,409.5227812904989,29.26827303490656,17.73559557587605
Himachal Pradesh,65.03830894950539,Sugarcane,250.4731837434656,36.51317732619517,9.095935923455777
Tripura,65.02375811516285,Sugarcane,271.6851135198614,31.22862074990321,20.571608473344362
Jammu & Kashmir,52.45679766979815,Groundnut,304.98256825438204,34.67930826703504,18.57690657720622
Telangana,60.53818974865203,Rice,274.82621729419003,36.6438120515174,18.59092862853967
Madhya Pradesh,77.49350807510183,Cotton,222.46682844669337,36.606786077251364,17.192378694048635
Uttar Pradesh,53.804840160320765,Soybean,303.42814874030137,37.109603771176424,15.09808328846995
West Bengal,66.55766212539902,Sugarcane,246.88481431369476,43.06855634529323,18.3643061798341
Odisha,51.84550703871223,Soybean,323.6796215317591,37.2676715075699,17.95907066870689
Mizoram,68.43100536714641,Cotton,254.02878828830984,33.779216823546754,13.22979644529488
Karnataka,34.166618752029144,Cotton,377.496720250877,39.820435841441785,12.131991135515495
Uttarakhand,70.43363202867944,Jute,260.83733538318813,40.947352444623206,15.509281476309933
Uttarakhand,53.35653330741581,Rice,283.89692418971623,28.86196092431504,22.74510075747594
Haryana,45.48850505789794,Jute,340.6758608684835,37.98700034924929,8.804464621730496
Tamil Nadu,74.32540370164446,Soybean,238.45678417830223,38.50586371155449,7.6623736712378
West Bengal,53.07877739237895,Jute,311.37299673020647,33.51218248320004,15.823804206182583
Chhattisgarh,30.020446883973495,Groundnut,365.3571377141214,41.878534066558096,15.25443850928009
Jharkhand,77.99025955363597,Rice,219.62583827193862,34.249722064837364,15.866708321852041
Gujarat,49.801568989080735,Wheat,309.2316929266152,35.62788226735771,16.219765989542502
Jharkhand,51.84471137541827,Jute,312.9941397124212,34.134640878580655,13.883988726825974
Bihar,42.79335845069509,Soybean,339.0911435888655,35.077895237907335,22.449317193010412
Himachal Pradesh,71.05253827498666,Sugarcane,238.1524644560959,29.518624565523993,6.995480107617421
Jammu & Kashmir,71.18407950158544,Sugarcane,233.9771693457862,27.79974558702853,10.857514876098769
Uttar Pradesh,48.29024499635074,Sugarcane,326.09707828084487,42.97252531612486,14.483726199254763
Maharashtra,47.761668111478485,Maize,314.8492336616593,30.76519325840836,6.784055944229163
Arunachal Pradesh,52.19089832738126,Cotton,312.52464251729384,30.043038252718464,14.120727977839644
Tripura,44.05182612767858,Rice,317.32241047484877,24.233049431981428,23.30735082864009
Himachal Pradesh,55.1542150405376,Sugarcane,265.99876392107547,31.805191261552487,15.104432441479808
Rajasthan,48.04086200184237,Wheat,311.61268485805016,28.38455103296251,16.153504528593416
Jammu & Kashmir,50.04178945136123,Sugarcane,314.65362366493406,43.21007580068185,8.699176174137099
Andhra Pradesh,62.063743756546415,Groundnut,264.28242909868163,40.04908544671317,11.918192959802614
Tamil Nadu,22.19975140310866,Cotton,393.28872555723785,31.559248274111383,13.124018098380315
Jharkhand,50.659920365049224,Soybean,323.6916460455894,46.26217902672154,13.41142451621883
Jharkhand,76.38790317500964,Cotton,240.43482513986757,39.90882743495797,21.408218975018844
Punjab,44.63639755179861,Jute,332.8276804316915,33.37584308245689,17.78845530362562
Tripura,65.2847288466031,Soybean,251.26591648863393,22.502971425632133,9.44271021531484
Sikkim,46.5298173942007,Soybean,339.3542301871226,46.45471286295371,16.232523892160025
West Bengal,33.5399914338429,Jute,357.9297789503702,28.05213766618202,17.491108742483924
Assam,61.70080452205612,Rice,258.9658840824145,26.773006265215542,20.700745192606334
Goa,36.309135790809854,Jute,348.1688064622161,40.1128521600482,22.902703432841868
West Bengal,46.83586801881768,Maize,320.6390463468249,47.19876203169636,9.924529040860657
Uttar Pradesh,43.32416244655451,Soybean,341.10300799972447,41.921364092552594,10.94571244394831
Goa,28.23100099785469,Soybean,394.8396491326974,37.8195456002618,8.71211070542692
Rajasthan,58.78374165261281,Jute,287.73059419985645,37.97377170832643,13.829900704465093
Arunachal Pradesh,65.14519480174985,Rice,262.3131917821255,39.267077793901535,17.331791872231673
Uttar Pradesh,65.00996644136674,Sugarcane,255.52427851872383,38.79464294893383,19.93667258294551
Uttar Pradesh,68.95887382294423,Groundnut,259.2094857517281,36.40595711984688,14.620244881787386
Nagaland,52.0715091571073,Wheat,296.1449145292948,35.52100551975938,13.40076238372578
Tamil Nadu,51.451199809842784,Rice,317.0575987408322,34.68703436050239,15.758789961243702
Arunachal Pradesh,47.13230086294222,Maize,313.8345399665009,31.23017705566662,10.824285491849885
Kerala,37.538564536073615,Rice,341.3591624518012,33.59662461566613,25.447693608473866
Sikkim,49.26717412408985,Cotton,300.65009459389535,26.535215929023074,6.961694864409706
Chhattisgarh,30.81450317356659,Sugarcane,372.67670385786585,34.50830186602625,15.923702894478623
Punjab,58.355746804415,Sugarcane,286.7671583381022,30.057044464245415,25.118031096148197
Gujarat,13.78186993057825,Soybean,436.00845832948096,29.482053413921143,15.03399922279999
Telangana,48.3823992975911,Sugarcane,331.2833673882503,35.89947075576739,14.049804824992528
Meghalaya,70.91145129167178,Sugarcane,257.1421221791859,41.960011431723,13.212772885947864
Punjab,68.5068962176995,Jute,246.45537509694438,39.59158303001156,14.098041591187961
Andhra Pradesh,43.08378164834419,Sugarcane,324.12362076215925,27.147496981884114,21.864242373382652
Andhra Pradesh,56.277335799177955,Sugarcane,288.82686073370746,30.051859317148313,3.940690443352466
Mizoram,47.473757889446524,Wheat,335.70002470460463,39.70385593994108,22.667168506481627
Jammu & Kashmir,43.848754827415334,Maize,323.66188122867726,30.087563032308452,7.880214237749275
Andhra Pradesh,58.21114293876839,Soybean,296.3585543671564,33.87683425001488,13.666738353827926
Rajasthan,70.92273175834828,Jute,257.6603140965798,37.75026049512276,12.85377789850669
Punjab,81.03803343131845,Sugarcane,224.25763876570676,30.158277725681824,17.9427663488536
Madhya Pradesh,61.507979812974824,Soybean,277.67425239664897,35.5268775307298,7.009378240581262
Himachal Pradesh,41.704517703536744,Maize,342.8199397161736,28.329872525408977,17.310863330409713
Manipur,55.55127721638677,Jute,310.7046872065102,31.99316178024393,25.121548116434262
Assam,72.94384788515855,Groundnut,237.7130610644006,36.598909670712686,8.184129977035948
Maharashtra,45.15285879764607,Sugarcane,308.6590462925591,27.035031332341653,15.948530838051978
Tamil Nadu,44.140322673612914,Soybean,319.26586898644183,37.202373689801995,11.690089111016954
Karnataka,69.48149647552279,Rice,255.80712818994334,34.901811005366596,17.12943603096518
Telangana,47.13287181240458,Jute,307.6862552972764,37.76244977208574,15.09573888707876
Sikkim,53.31219365655869,Jute,302.9104359223,36.119570670323306,11.792565454778451
Kerala,74.15718394495887,Soybean,242.85148510846884,41.82070214986922,17.43936142435537
Madhya Pradesh,48.15981019251516,Sugarcane,317.88936801741414,35.62612251323954,24.021740548933714
Uttar Pradesh,46.96315846315024,Cotton,328.0392263184117,32.852972294373735,14.045481041363507
Madhya Pradesh,38.34288625990509,Wheat,354.1525621587638,35.61148751516142,18.59878971074091
Andhra Pradesh,44.28154522128868,Rice,352.69010260174514,37.716490145181936,8.533635210644182
Telangana,73.22824775558104,Rice,231.11653160214544,35.244300351628524,10.217818115909957
Jharkhand,66.14484439903492,Cotton,253.10874800424386,35.20295845601941,17.362031389401885
Assam,42.209846055764416,Sugarcane,325.75176336043296,31.490041560966223,22.420580142679825
Telangana,48.11288612871181,Jute,325.68929754561043,31.68549541224526,16.7780667439283
Uttarakhand,48.01852868384371,Jute,325.7523843153024,27.986973641001534,13.434709847384228
Bihar,0.0,Wheat,492.63657453273606,43.7478837159347,14.99645702711677
Meghalaya,49.0666177759706,Rice,328.54452553465836,28.780683823043574,8.747961330151412
Haryana,32.46652762401499,Wheat,356.77828200902997,31.53547401102046,18.022576631776833
Meghalaya,43.46971935193594,Rice,347.7000881746601,31.40796367215401,19.411665311617046
Jammu & Kashmir,50.73011664985584,Sugarcane,332.5695625652899,39.474621884722204,12.739548335834598
Mizoram,61.479492135165515,Groundnut,284.2365377679827,33.52525160853986,12.649789261202493
Odisha,49.666962807087934,Rice,337.9484610246634,41.23871036336867,16.329391148260243
Sikkim,60.680071150625935,Groundnut,261.3587392731214,31.63254687878066,12.816401319797023
Manipur,56.837367395140205,Rice,288.15906966299957,36.39497081111901,14.669336926870887
Meghalaya,56.64606982779866,Jute,275.7318226085448,30.823264733701215,25.49860894583258
Manipur,58.19999192163796,Maize,304.09370696931614,45.72574563886694,13.764871496270016
Tripura,15.398648809465815,Sugarcane,415.73292833367543,29.062007904852436,13.20829923989389
Arunachal Pradesh,85.76476934879823,Cotton,206.6367403704126,36.54910355113514,11.762290971824203
Karnataka,48.35363587733284,Groundnut,334.31300951872566,38.168884404660496,18.720959857499682
Andhra Pradesh,81.45511479184871,Cotton,219.36420644051742,37.06899548725749,14.093879133909486
Manipur,62.769692589870495,Sugarcane,276.4034067105283,34.07356170561146,11.75313480839287
Uttar Pradesh,33.769758352247884,Soybean,354.4475298483683,34.35089650133287,21.60652016136506
Odisha,49.71839707038898,Cotton,303.21400095477316,35.21905735989555,22.098015022568184
Bihar,74.78321196524962,Sugarcane,246.1127611035347,34.264989991857554,11.997882171306475
Karnataka,70.39855460787359,Jute,264.23481453700157,39.81939558397455,5.6673002431969195
Chhattisgarh,45.87447377051867,Cotton,333.9798874467338,46.05261500795676,20.03756844918461
Assam,64.12935551487874,Groundnut,263.48166841414314,32.21254107496083,11.57685087119998
Madhya Pradesh,42.753032050739364,Maize,310.8229294790987,28.150985102104613,18.953127995813844
Jharkhand,52.22483778314525,Cotton,302.2785919951907,34.55858975824373,5.149480911440822
Karnataka,72.29923255276528,Groundnut,267.4199826197091,47.898546688271594,19.462986691496546
Nagaland,18.503614046960372,Rice,407.19720446626627,30.981627160151348,8.944140353596094
Arunachal Pradesh,46.81063090069178,Sugarcane,331.6959511159006,43.195584027220335,18.653820595332622
Gujarat,89.93792075565963,Wheat,198.74287066711963,43.388504070382204,15.07136533918217
Himachal Pradesh,48.07721024683207,Soybean,309.3227157384714,32.23205879146003,10.230302903016776
Jharkhand,66.014659824385,Jute,266.9106767615806,37.84491539592638,12.964818435366098
Nagaland,45.803109807844294,Wheat,342.6216667398112,43.14198311564269,18.431592284783505
Tamil Nadu,65.85932283135695,Jute,260.37396307836497,33.10436129506257,15.529472265576171
Gujarat,64.03618754671679,Sugarcane,294.26317792665503,33.98209819948819,17.922064902362422
Jammu & Kashmir,39.367678910254625,Jute,325.24936394902284,32.09159543025678,24.882202922577427
Gujarat,44.81723885836722,Maize,343.2877597085061,29.926216346535668,7.178791941444743
Assam,69.74436636698601,Cotton,239.9851796472112,31.753612274669965,23.08606287484312
Kerala,60.24235618620454,Maize,283.2749382079526,28.880298666188718,15.521779687616064
Gujarat,63.777529052205125,Wheat,276.2527344419522,35.17041734129613,10.50607975838436
Mizoram,62.35021832009783,Soybean,267.3335383713144,31.15013384470679,8.348431871305051
Uttar Pradesh,29.05799847811727,Groundnut,388.27271201405483,36.168929558953735,14.054398046114832
Andhra Pradesh,40.08170447017165,Soybean,320.2490855480478,27.220521768981865,19.6082505596223
Chhattisgarh,75.74119686296376,Sugarcane,236.95580228324775,36.654401161072286,14.362254398112329
Meghalaya,41.195924631966065,Sugarcane,345.8930973527388,39.16764480804462,22.55577465123674
Manipur,23.386616577968873,Maize,406.10780985063167,25.031321787142723,7.744121549742205
Arunachal Pradesh,42.57939729621991,Groundnut,351.62326302755736,36.87028284923786,14.939555260769728
Himachal Pradesh,81.01188323546903,Maize,224.03150170229932,41.13834496236646,8.738032777934404
Gujarat,60.40102168394436,Cotton,275.78829635668745,28.951794906543974,16.81815941312484
Bihar,33.975070355043414,Rice,363.34555745933113,43.362861934188516,19.4344369504865
Punjab,63.83964899629198,Groundnut,264.61652671906097,37.095095046830224,12.896191031594734
Nagaland,52.855917943263655,Rice,322.1909714073114,31.474940721207957,1.9789307168643298
Rajasthan,46.885410533000154,Soybean,338.73170267146685,34.72115461171147,15.994740733982473
Bihar,67.95550755525568,Cotton,253.65347642109586,37.791634562608614,17.183692758667547
Uttarakhand,55.21873469762565,Jute,297.02373219691,35.38002695706206,17.021473774808488
Madhya Pradesh,100.0,Jute,137.93663299654636,37.693779962231844,21.17891095911077
Andhra Pradesh,73.24399187729851,Rice,248.7806179332855,30.39663203460317,9.644731601754756
Uttarakhand,59.84665322896713,Wheat,287.371592430342,35.84680412018039,18.401080527252248
Telangana,76.27822997508393,Soybean,237.6108409017575,27.9314275154751,20.962537562389876
Assam,28.747496673719375,Rice,381.62056519658177,34.443869693256495,6.107062079967417
Meghalaya,73.4469411949155,Cotton,228.49293110196837,30.480461792676053,16.598259129594886
Sikkim,61.34030925624566,Rice,277.9977756651508,31.322350287051165,12.479100844961643
Bihar,55.9972860921872,Sugarcane,306.53702886430455,41.18046587605219,14.59238663449177
Tripura,33.14175412855732,Maize,372.06366445330576,40.45655060297135,16.738382417691682
Tamil Nadu,74.59229879250013,Wheat,228.20689244102803,38.045690604535885,12.563857179432238
Tripura,38.9182238351065,Sugarcane,358.158187607748,29.538436176637106,11.62145960419194
Meghalaya,56.061871038249265,Sugarcane,300.51165305097936,33.41795775152599,15.170762087440123
Uttar Pradesh,68.89910789724334,Cotton,250.92456744760244,41.06548849989592,9.563770305685987
Odisha,52.73704093507664,Maize,323.10517371316354,35.70858456819953,9.570874355574073
Andhra Pradesh,57.161304097785724,Maize,309.9529847786735,46.59664769990847,18.396866414782515
Chhattisgarh,65.39527426029423,Groundnut,269.98915614206027,36.96658919697186,9.25602982420672
Odisha,53.2787116277513,Soybean,303.490104249501,35.960245582450156,18.33156250454606
Sikkim,61.12831008888824,Wheat,280.73432015691196,33.4544176789875,17.312956464269757
Telangana,51.87865015608119,Soybean,305.6758672625624,35.66770452391141,6.370966356047017
Karnataka,45.02270945644694,Cotton,333.10653372605236,34.23765081809728,11.612176738321725
Madhya Pradesh,23.918220157474092,Wheat,379.3008408072676,38.54054338344295,20.97054701523686
Punjab,77.73849697036476,Groundnut,238.10922505865756,39.783511583972924,10.094172344301592
Chhattisgarh,17.170314941400544,Rice,406.65166873281333,31.070052697460252,12.677978688453061
Rajasthan,86.30818946522241,Sugarcane,202.3956100238749,28.34383523221111,17.31030446625948
Bihar,52.833094519289695,Wheat,292.41074524822085,25.818973134483517,18.91695254641298
Bihar,45.81571758858176,Soybean,329.41586032422885,37.53995663456272,13.742305569777521
Bihar,47.559035486622584,Sugarcane,314.0495933867516,29.483166969130632,12.012449026541791
Bihar,59.081908422821705,Cotton,268.8650240089703,24.235547035237587,22.111849308492538
Punjab,60.75157567589211,Soybean,289.5938874821362,36.94289302265482,23.694498318987897
Rajasthan,56.50559452188085,Rice,275.34995326705837,47.46499758716395,19.894290253908977
Nagaland,67.07428194834041,Cotton,270.53176215278944,34.96964544230053,15.42659071282512
Nagaland,44.44009647695991,Jute,342.48010485105124,39.19245387225821,10.958671391795368
Meghalaya,46.309903835386145,Rice,317.85077429825236,35.40914679273782,10.847777967217173
Himachal Pradesh,61.052311461429596,Rice,265.3545202369673,34.50555173404429,17.61257052632879
Nagaland,46.7029982315299,Sugarcane,344.9799937716625,39.59538241493884,17.09199110444342
Sikkim,45.38275331927353,Cotton,315.36497604383044,33.548627279056745,22.007992964732146
Arunachal Pradesh,38.50565643237365,Cotton,340.643105941948,36.33696157035951,18.252250462680696
Rajasthan,50.15551619353901,Wheat,331.4814420961806,36.60848903098007,7.48459849120091
Bihar,66.18712667174826,Soybean,258.5502494538964,31.659547731784755,20.259738088614593
Kerala,62.15363920884573,Jute,271.99094799015154,39.960211747682614,10.009696863427935
Gujarat,44.01156551563903,Cotton,337.36468025616307,34.12520121652296,13.080143640238242
Manipur,41.06400204711972,Wheat,330.5185132716732,31.221274202535778,16.251001031258472
Gujarat,56.92802202030476,Jute,298.9549203017926,37.68254921785202,24.978337448919824
West Bengal,52.00043028242661,Maize,305.8663691654391,30.507660091044812,30.549592780026806
Sikkim,36.337142184920125,Maize,363.88324478942127,35.14090578684564,18.033615295680914
Uttar Pradesh,64.5939338495762,Jute,270.4214305582085,34.954405016778985,14.08401690639806
Rajasthan,52.353227688093206,Maize,327.3548690585019,40.42947782915789,17.672528242402752
Mizoram,57.26777849998802,Groundnut,289.8903673783053,37.373491164399766,19.43827712936918
Meghalaya,54.43692282911494,Cotton,289.115939838639,34.87486520627428,13.396661872214041
Uttarakhand,38.65590795721059,Groundnut,354.93884259935953,39.08883149600143,23.97605677956161
Odisha,49.78645249301442,Soybean,341.2708174494015,41.951037745086566,16.15035379595701
Himachal Pradesh,39.39965147722977,Cotton,340.67548180003195,37.78905153175931,17.48871544545697
Maharashtra,33.15774970546682,Wheat,365.27394035771647,35.051763099216906,18.329621260272308
Mizoram,53.43717463603832,Groundnut,301.05019208163793,28.4408188382492,17.10793305307228
Chhattisgarh,42.0068023632511,Groundnut,334.09764856474817,29.674431684623137,19.19470250234806
Arunachal Pradesh,56.3594015855587,Soybean,284.4866621703272,33.473876478226664,11.913734067265384
Punjab,52.72907916700736,Groundnut,316.2083176244221,31.952438989203586,12.208491230269846
Meghalaya,64.15851433298197,Rice,293.49284728161575,34.06514348507277,9.499228835141526
Maharashtra,53.262018043674274,Wheat,304.8497982496359,35.283249624485535,17.19750615310113
Maharashtra,42.72763259680909,Maize,329.75785127184565,37.64846377178365,18.89468251756057
Jammu & Kashmir,61.60460316696664,Wheat,259.0889658383264,34.647506109704544,17.28886433075943
Andhra Pradesh,22.853089565055864,Rice,404.619363784273,37.43250821913101,23.372462166737687
Assam,72.98448554693206,Soybean,249.6991309250149,35.3223720740506,14.972019905854767
Uttar Pradesh,71.16202142667582,Soybean,239.2905693606134,25.12266716823064,18.343708277962563
Gujarat,36.89603243566585,Cotton,357.9055436750034,30.303323030906228,9.54149561930343
Uttar Pradesh,40.96138855630126,Wheat,339.5831346981468,34.27956222139192,13.064501487627995
Manipur,39.70995819330797,Jute,331.2059908526078,28.95152628579446,18.47768878782889
Odisha,47.478008905836234,Jute,331.41727546321397,37.999643649981024,19.245510553715718
Punjab,59.496547694594646,Soybean,299.3876613576543,42.65375416171849,13.53016526167909
Arunachal Pradesh,64.8305539556602,Groundnut,255.1372814257084,41.09380925848659,14.642003740709665
Odisha,59.2118275143635,Soybean,303.79022790968634,33.93278564534896,7.410631266595953
Himachal Pradesh,68.47996261212297,Soybean,266.14191442439443,42.45363068424976,13.214853995966953
Odisha,43.38311253231015,Soybean,348.7559866708876,35.74333728601056,19.45191581759893
Jammu & Kashmir,51.70995740362573,Soybean,292.6471309248931,33.31457014440981,17.87602508053283
Chhattisgarh,61.573001159717364,Jute,258.7251401603744,31.9329866822953,17.50332860690605
Nagaland,58.43380596500688,Jute,283.93070791735033,33.48765156755936,15.2488684359048
Meghalaya,49.28947357704866,Maize,320.6465727137812,33.05911590729386,15.035315793140882
Bihar,69.135328731969,Maize,271.81377235980125,35.85208111187744,11.698394302632764
Kerala,68.50546847655566,Cotton,258.8889802216784,35.802869905249324,18.494142101012674
West Bengal,49.68958240293105,Soybean,312.18436057459564,35.01523010076707,17.10486472194695
Gujarat,47.7717738031381,Jute,312.24832855543616,37.18469084873175,17.460094239963997
Maharashtra,67.68470555683096,Wheat,274.6528412314435,40.95323137393171,12.369825786662098
Tamil Nadu,61.72396711944958,Rice,276.44808471908385,39.74777067720662,4.233285400643778
Kerala,53.09109415929899,Cotton,311.6024968678818,27.575510157750482,20.48576355876848
Assam,72.73398708046741,Jute,227.5957829251338,22.230394325490224,12.60581271995798
Chhattisgarh,82.30238475510457,Wheat,229.62681128117225,39.67159955619637,10.686121179784397
Mizoram,65.03149475273537,Soybean,264.0777889373782,28.165606507922895,18.467394559569968
Uttar Pradesh,57.33905464084271,Sugarcane,289.32764241440765,33.87617299053658,13.039936800404352
Jharkhand,45.859719349301535,Soybean,315.5453782799002,29.149434869703203,20.29968192023311
Jharkhand,28.530143659534566,Maize,373.7678108474776,25.9900978120999,18.08502974788349
Karnataka,42.887560227086176,Rice,342.88298116010094,37.70731364102394,18.417846616002386
Mizoram,59.24038157565291,Jute,292.0030735018286,38.79577580151324,8.170221443997328
Chhattisgarh,51.17271442973761,Jute,299.04918960486555,32.1174479963664,21.059719926932004
Madhya Pradesh,65.68054276713589,Groundnut,249.87353176810956,22.04478853927545,16.30625265616928
Jharkhand,54.64951771973971,Rice,299.0743432003805,32.268777758737585,13.153614303768984
Himachal Pradesh,52.73976029382489,Groundnut,285.56706805399307,36.959020027012734,15.716942336711256
Mizoram,50.80829739583726,Rice,316.1359280169045,27.605442156129357,6.118823835508401
Andhra Pradesh,63.801219893456384,Maize,258.63845282238384,35.91679959889578,17.043264057403356
Bihar,44.093522907350874,Groundnut,325.9673257120586,34.923450754135025,9.853142459089643
Bihar,28.259724729482134,Wheat,376.6369456501289,37.89645749800544,8.236648570782329
Nagaland,52.21714491975068,Groundnut,294.5619925771571,35.59790184207077,7.388204068910545
Himachal Pradesh,42.17023877528619,Cotton,320.0855861049471,30.13465529559222,20.563441874949625
Tripura,43.95835348119495,Wheat,334.5071995855556,40.982857508322454,11.853683031536058
West Bengal,64.78937628326655,Cotton,279.93897640570816,34.20735213486515,22.668638549582496
West Bengal,49.95918664274571,Soybean,311.20462409052084,34.86347730245034,12.32099268473851
Nagaland,55.22157618958069,Rice,300.62962003908973,30.333660204634022,6.463210212035266
Maharashtra,54.668511905114414,Wheat,304.8838049274416,32.78358874404245,9.417377800256705
Tripura,64.29512684909349,Rice,261.3495108072267,30.575986429865495,21.179058100034695
Manipur,53.790103981158765,Soybean,301.22550871294715,34.135269700382885,14.220509110316662
Goa,45.93141354767377,Sugarcane,324.8999145622725,43.558542400711715,12.258563517546996
Telangana,35.21114608151272,Jute,372.5571803897521,28.140494285343216,15.800091129263938
Jharkhand,43.07803646854478,Rice,347.96354130426033,26.932193010616295,17.508913680837725
West Bengal,17.790937501340395,Soybean,407.65912287557785,42.35585163746804,20.586994079512305
Manipur,61.35750663521199,Rice,261.6326218555975,33.95338161424067,22.242496149464632
West Bengal,40.023227666155634,Soybean,343.6160318360339,31.654636306700418,13.20115677105457
Bihar,51.24922356794941,Cotton,309.1671002869176,40.199523436980385,8.369761569589809
Nagaland,22.70411187213681,Soybean,409.4901466608836,31.97192230131568,12.932674194383619
Nagaland,66.38205655450466,Groundnut,259.5850857322424,44.13004856773468,16.30140253291443
Tripura,75.27719807186458,Sugarcane,258.0139078909612,38.38962935669635,10.181205368946944
Mizoram,67.32602575950068,Rice,270.0303677277989,32.560442959271484,10.214245425524785
Kerala,89.31217585541313,Soybean,193.80521378450965,45.786541066327516,16.718939407749428
Gujarat,64.76604342591251,Soybean,273.71224891596194,31.97142538498331,14.756738242147744
Meghalaya,70.05934173095683,Rice,262.0433669223151,38.71047686004653,15.163984977057932
Karnataka,51.54634980356535,Jute,307.5196893238104,36.49646290203246,11.207523326499652
Maharashtra,48.6402698729252,Sugarcane,317.087798788858,41.50870644699399,13.847996428971163
Assam,29.19987823289586,Sugarcane,393.8085419607943,42.807555983634266,10.378834278658477
Odisha,41.99674908003739,Soybean,347.5211919093025,35.160020745328836,19.450992055623935
Nagaland,61.70991401778079,Wheat,271.15481721687985,31.232910648269083,20.176246673618763
Jharkhand,65.44210644933696,Cotton,255.0792664325821,37.29986071469558,5.769060688809532
Goa,44.672990034746704,Sugarcane,324.5959585753253,31.61142315123947,10.35244569903795
Madhya Pradesh,77.85558787243528,Sugarcane,233.9883396489679,45.066936237633115,7.517353724549604
Jharkhand,27.448461983866856,Maize,391.5729382927177,35.68267665541369,11.74988032796551
Nagaland,42.29436967623358,Groundnut,358.97200603606433,33.17339224343946,14.582810151048196
Uttar Pradesh,58.87463888956502,Sugarcane,276.5412173947648,35.92340152932454,7.75177390150735
Punjab,80.94487561044177,Cotton,214.34327354545613,28.264368552351517,10.390700934373434
Uttar Pradesh,38.319637055416266,Groundnut,367.69361870827066,30.141929807446743,9.980213139592507
Meghalaya,64.26711869566805,Groundnut,294.2730077373691,41.00206953972213,16.03633664699472
Tripura,33.78150204201922,Rice,361.8908155986731,31.71552860514302,15.346721685181253
Tripura,79.29826359726495,Rice,220.27861706028165,29.7654450865903,11.391312233313734
Goa,65.66859700878406,Rice,270.03124885231136,37.68326376263643,15.88410436069699
Madhya Pradesh,56.88687770343166,Rice,300.26218498590913,40.928520773314986,12.266599577063673
Bihar,54.56503385930017,Maize,302.3490296882371,38.594766553325336,13.641724448369734
Tamil Nadu,62.22421116566343,Sugarcane,277.4967264260378,39.98023842902908,23.367260451492683
Maharashtra,35.36209620168484,Rice,331.14249661737495,31.216024557152696,21.70230525895174
Andhra Pradesh,72.02200247054628,Soybean,246.61897853087027,27.89094666629078,8.502093815362013
Uttarakhand,58.03586454952108,Wheat,292.8810257489353,42.506668259777435,19.148662089395874
Punjab,50.861440459861406,Rice,306.01478158559496,33.38660080578932,19.05698277245796
Chhattisgarh,53.61336052550209,Sugarcane,325.72194170293744,33.745834917724764,9.258683556236909
Haryana,42.59020529658039,Rice,335.5807439044445,41.64097070924529,19.093888218774303
Kerala,69.43600176683886,Maize,243.76789540810654,37.7811500470033,22.689659592062764
Arunachal Pradesh,85.0709118317652,Cotton,223.29429146321888,37.279438860408035,9.387275968777931
Kerala,36.18039939366472,Cotton,363.88384109492546,45.825011724505416,10.412485894928682
Chhattisgarh,46.117001774882226,Sugarcane,316.6157005989796,31.782408848099287,20.08830733421751
Sikkim,66.1401835777806,Soybean,262.5756731721723,39.63920064040619,16.35747655412824
Chhattisgarh,33.23841989916327,Cotton,377.55759877612616,35.28506562448542,17.757381376197618
Madhya Pradesh,53.36042258628307,Jute,305.78373171464295,36.34296139431628,16.702946082002484
Himachal Pradesh,34.32904702387802,Cotton,358.96485920319134,42.64234213206266,16.95347960464072
Jharkhand,53.6509479781362,Wheat,303.37592407050545,37.53917878144812,8.367639358444585
Andhra Pradesh,21.354952873614643,Sugarcane,403.03739624409934,37.69148039524816,20.23658853310724
Assam,28.072472195031473,Soybean,387.7670421221602,40.362536686549014,20.84794996213887
Nagaland,59.25001091078407,Sugarcane,287.5517925760463,33.17523635228557,13.85304627965986
Kerala,40.13995513289365,Cotton,348.5785475477178,30.803951663304968,14.782615250930688
West Bengal,39.54103792825422,Cotton,332.2687974792574,29.775954029894834,7.3444624872213895
Assam,34.253568865008425,Cotton,368.43157787661744,25.16821705311999,17.571273780089175
Uttar Pradesh,71.68143184199309,Groundnut,251.7538269709948,45.28103564970161,17.86028720857072
Tripura,47.037176451124715,Maize,334.30257299992195,29.483958171391585,14.689044915003445
West Bengal,38.602194991729085,Rice,352.9212243424794,33.89373188207114,20.621766799352514
Himachal Pradesh,84.17874565837968,Jute,212.06302567884427,33.6159335005554,13.329613845100297
Uttar Pradesh,73.51061859594937,Maize,240.83707436671125,36.537033489045506,17.823029629468003
Arunachal Pradesh,91.0643132619435,Sugarcane,198.03839111199497,39.078686062696484,9.901678306539422
Assam,61.13533999198453,Jute,286.5296582777721,39.30236744179873,14.88223924562881
Maharashtra,42.833186493659454,Wheat,335.8771127897981,32.08461280715531,14.128228710485821
Bihar,38.301342885322356,Rice,375.1178526048014,34.16439143106794,16.12653961020471
Tripura,56.69115360422812,Wheat,303.70473902098877,36.4128997524415,13.152365355833208
Odisha,31.519465535578416,Soybean,381.4307772785646,33.75654436908226,14.34263702164166
Madhya Pradesh,72.55721357181687,Groundnut,230.99492708925544,43.03672788009996,19.13023585720753
Gujarat,77.1776245038295,Sugarcane,214.83087803224225,37.45487475819126,12.816178813808913
Kerala,58.50698432912019,Groundnut,297.22261505516906,38.67438893024909,6.967114496306603
Assam,48.34155770783334,Sugarcane,319.20327244696534,38.31440634333706,23.747919521027104
Tamil Nadu,53.26906356081711,Wheat,298.36526259529535,40.86736928742663,21.907270393452432
Tamil Nadu,87.34710979678502,Wheat,196.62789499800618,35.90510779351853,8.538686524471906
Himachal Pradesh,58.39334184435021,Wheat,295.5439980243606,28.515840260220767,18.448539026225973
Arunachal Pradesh,77.09492104812497,Sugarcane,234.77652497475734,36.99843975876321,12.485126147243285
West Bengal,39.939496195904525,Cotton,333.48362744150194,31.743215531040853,16.317436076655298
Sikkim,47.711093708150536,Wheat,318.3299123048424,32.35691659125121,16.47112064506747
Himachal Pradesh,67.0849107941459,Groundnut,253.00601068363224,37.931820093775464,13.82796099841839
Kerala,63.21459753784675,Soybean,274.30665413316535,41.19141535716818,11.081171672068017
Kerala,69.78741466958243,Rice,247.0393239055524,35.10635788368031,11.547294738418703
Manipur,55.16280204206041,Sugarcane,296.8660451363414,36.54416506299482,10.419040422593788
Arunachal Pradesh,39.123310663117635,Jute,347.7571160250619,43.51107472317619,10.840888958847776
Nagaland,69.24412341297544,Groundnut,250.71369768322282,36.20376589744284,14.664108549753223
Madhya Pradesh,48.97023114921818,Maize,325.20232577589223,48.008415570901974,11.421200054446242
Maharashtra,53.6873673342887,Soybean,273.48711908137795,37.827548228157724,18.410260328563098
Chhattisgarh,69.09206454912609,Maize,260.3563583868828,26.19618620422091,22.436230776679636
Uttar Pradesh,60.77072826143024,Rice,294.6484820022721,38.76670810552266,12.099733793149785
Jharkhand,69.13324349399001,Cotton,248.2378838790313,36.90579192441389,16.197022502676884
Kerala,63.939166598192145,Wheat,272.3175347326409,41.44876377041373,17.498425551514668
Jharkhand,69.32824129907081,Sugarcane,240.10610537055757,38.365906756349794,17.360011354596374
Telangana,29.7854811055889,Groundnut,398.2362566458195,34.30772008008113,15.379776339580436
Karnataka,57.49092089788692,Jute,301.7631775985864,28.878508818553172,18.713412091798613
Tripura,64.7629349973185,Wheat,265.0137246003707,33.95488371356987,17.411244763403285
Arunachal Pradesh,54.41286982548185,Groundnut,310.6989955367111,30.7473977289535,8.811687888363512
Chhattisgarh,55.192358494418016,Sugarcane,294.3835975154585,32.09738275097639,19.345780321946364
Gujarat,53.66914371636587,Maize,288.95152002333884,37.942892022103045,19.436454186333712
Goa,46.68431445938152,Wheat,330.7083350021713,43.34952252175703,11.183569479107092
Sikkim,43.90787064683345,Rice,337.87538550236525,36.9733576491149,15.18968917723801
Tamil Nadu,59.01279775648898,Cotton,273.4749426194736,29.020584689824076,18.416644964055347
Assam,63.18151025429912,Rice,271.209087967766,37.2230133411007,13.953430902103193
Madhya Pradesh,58.7903368965023,Cotton,286.2474151424178,40.98315743322826,20.364890238830057
Assam,85.95611818460378,Soybean,184.90394176322076,31.95108547840309,26.819362473096803
Uttar Pradesh,77.94246962702444,Groundnut,224.2404468900724,34.32991416663541,11.070069836825088
Tripura,31.98424438215352,Wheat,368.34371337222626,35.07344097364599,8.094776984231125
Telangana,26.355155439929746,Wheat,382.2483856750642,31.075508434588798,16.51909297802438
Rajasthan,54.46914868742486,Soybean,287.5481980221811,38.2414021692193,18.607812525630717
Goa,48.79388834167259,Cotton,328.8278481527883,34.39525925696109,13.845668130776154
Karnataka,42.642224817954954,Maize,315.5625077271768,37.09766221953514,22.26630331660517
Uttarakhand,11.780794046620501,Sugarcane,453.9440404227619,30.562539110989498,8.306971001383756
Uttar Pradesh,40.644799912282124,Rice,355.97874557172884,32.812708498382946,18.464593115158056
Mizoram,56.88858924511514,Soybean,293.6041204259617,38.61190678913886,11.970695896205534
Jharkhand,58.99780141765447,Jute,252.22297796997873,33.13583423954117,23.59688953103648
Kerala,77.80280535615263,Jute,219.67768398712138,43.63481925616703,24.96257676584059
Mizoram,51.41793582193996,Groundnut,310.17318179336115,33.00181907192699,11.166717061083261
Bihar,63.55681875133038,Soybean,262.18246273578484,36.12342362875943,12.2522143204571
Arunachal Pradesh,74.63750969040731,Rice,228.8873145201163,39.66295415936545,19.29793943489901
Karnataka,67.42332305307606,Rice,267.67135578787367,27.908171335334842,13.064346751052426
Gujarat,70.64085333001663,Groundnut,245.92259981928026,26.19595594009612,14.772943910338808
Arunachal Pradesh,24.457341257309324,Groundnut,384.3570817536282,27.371718427149524,15.12694210271205
Uttar Pradesh,39.6511455563195,Wheat,344.08198784747253,41.31292051713591,5.401634219011719
Nagaland,52.944186283220404,Rice,299.6013679341691,32.240709270537764,14.930811269528814
Rajasthan,35.267001807598135,Sugarcane,373.9972069445013,47.79099642834126,11.55136112967913
Bihar,54.55380608783119,Jute,303.86841538238093,32.17876200671306,12.53438588800114
Haryana,64.71722670626585,Sugarcane,256.9357899335868,35.922756515985185,22.21816001734407
Punjab,36.086796925374074,Cotton,376.15620386348286,42.71054976283938,8.717465528603718
Maharashtra,53.85469642738928,Soybean,326.9455021842329,45.03046444079561,19.066025933739887
Kerala,75.23528084034584,Groundnut,248.13769228367718,45.30751788318199,13.605185348340957
Sikkim,58.88132408030272,Wheat,290.4830660958196,41.04183115296571,13.601199157520828
Rajasthan,67.59050161513316,Sugarcane,256.21908733076214,40.12031262905731,18.951859480258555
Jammu & Kashmir,74.5807152057601,Maize,230.8600134517832,37.96263474600592,16.70025647284445
Nagaland,44.506318443960495,Jute,346.3088773765821,38.89180538083319,17.853064986097657
Karnataka,22.331066968579265,Wheat,395.47083202350655,32.244071418357336,19.840923302664304
West Bengal,74.9350645751501,Wheat,230.07162130904294,30.909005582888465,13.343458084083386
Uttarakhand,46.69749046574347,Sugarcane,328.1484618345285,34.98312771294524,11.938816327461248
Haryana,63.50571487663195,Maize,267.46787154390864,34.14907688737536,9.57424736721101
Arunachal Pradesh,57.8548730190371,Cotton,275.6437308117652,32.733859753363625,10.872947350105225
Tripura,62.51311020611288,Sugarcane,270.38030378805655,38.481937237283574,29.745472126543625
Manipur,67.29047300665407,Maize,256.8004615160092,39.77652604285255,21.22339790368393
Himachal Pradesh,56.5584495373327,Wheat,302.4260813972414,35.442034431459234,8.244628168959894
Odisha,68.31645951118844,Jute,258.4524941794481,42.38765040527631,8.38771021628215
Punjab,52.25579191722528,Maize,313.5228412889919,29.291554429332475,17.40933030859246
Haryana,51.85130395192906,Wheat,297.4880945275431,34.03170270360141,17.736323986889836
Tripura,61.84145696967928,Soybean,288.0525976566795,31.415888396985977,17.744419176586824
Odisha,60.83320726687829,Sugarcane,254.6218168979201,25.6673169146347,13.725221032231511
Chhattisgarh,64.45069789916303,Groundnut,271.16143347158334,34.586596570786504,14.3727286999855
Karnataka,44.08988223870448,Sugarcane,337.7695612912878,34.39126245808358,16.639397620796785
Manipur,46.27894368672544,Soybean,325.04585938121903,42.567248716210656,15.429465031466652
Haryana,73.19150432610265,Rice,251.12223776007244,38.154058422773886,3.903498136262325
Odisha,55.788143681175896,Rice,304.9666152714613,29.879065878353977,13.851001847124031
Tamil Nadu,39.49529805042917,Rice,337.5693561685895,44.27046283167094,10.742967828698433
Jammu & Kashmir,82.37803260686822,Sugarcane,216.52973594393143,41.10516847762676,15.87605709454256
Haryana,36.80093512769116,Cotton,327.16800961899673,37.910488517343076,29.92629501301705
Uttar Pradesh,60.913071535510475,Sugarcane,266.86881205270765,33.86757950575084,16.83740832737152
Jammu & Kashmir,49.90801142091603,Jute,328.52993342965794,30.202803816382602,13.43235156913801
Odisha,62.90494485693861,Soybean,261.83704217287413,33.138966119644735,19.60900750988626
Nagaland,78.9371540142702,Jute,209.75589496677406,40.443743098520926,17.413439436046062
Jharkhand,80.21908842950657,Soybean,218.62287810584186,44.42293152967304,17.100472452259208
West Bengal,61.26217526340672,Groundnut,302.4042473330691,42.71621764136094,18.034252966078355
Gujarat,42.603935319337914,Maize,312.9861250860741,32.55575289106863,25.282717824147706
Uttarakhand,64.56646262530295,Sugarcane,254.78416874477958,29.401912833554945,9.345557823370422
Himachal Pradesh,49.1030475232971,Sugarcane,331.9296229388687,35.70443123455602,17.368160384057273
Andhra Pradesh,83.73171618429038,Wheat,216.923996886552,26.157803172185744,10.368094350092308
Odisha,55.02882391600473,Soybean,296.6960100676342,36.615838570923906,17.77756323171124
Chhattisgarh,69.59038555400716,Wheat,239.44919001187716,34.261987068506656,10.406567442569528
Odisha,70.37581872975022,Wheat,267.40819460989206,32.66981749065879,12.913165931974579
Andhra Pradesh,56.88851895637133,Sugarcane,302.3699335658207,27.02648466366602,13.524550428810468
Manipur,69.17279969813183,Cotton,256.97933173580236,37.568000532848586,19.879083596723547
Meghalaya,56.328259304209084,Maize,280.7722227885087,32.33649580169045,19.59227221971207
Tamil Nadu,38.89981974426866,Maize,350.31464046072205,29.15041582144856,8.771413117768077
Gujarat,59.1454181355718,Jute,271.15540652384254,20.63868893359175,15.274670554999243
Uttar Pradesh,43.49709931731299,Soybean,341.7846056032571,34.86242547474682,11.452100726254137
Kerala,79.07174725405109,Groundnut,243.5146572671191,43.86125798334872,8.707475446623327
Haryana,51.33183788393371,Soybean,326.4902088957641,43.30629607273935,13.914914747878148
Chhattisgarh,29.276019899682286,Cotton,372.078431032895,32.71451871706864,13.457586057720901
Jharkhand,92.84199900519484,Cotton,176.41777499363553,31.988939698191096,27.13358243172761
Uttarakhand,67.55374732398435,Maize,260.1552372264762,37.34387128037512,17.16479912680348
Rajasthan,47.891046266613806,Rice,328.853606359027,30.008072804058543,8.111912496228815
Chhattisgarh,62.79317368836658,Wheat,289.84773069785035,36.50895949909733,12.176129979145289
Mizoram,45.537002012859254,Wheat,318.5572936685654,38.83040139192345,20.106916477146992
Uttar Pradesh,63.02295913023151,Maize,269.80074066420894,41.13466611942154,25.442213864349625
Chhattisgarh,52.86924665537983,Soybean,304.329489373645,34.499229617600236,7.070083438810208
Sikkim,53.535849679561274,Cotton,292.21613823039604,33.98163124911517,5.600378074304775
Manipur,35.20174557709066,Soybean,358.38910308299035,30.610087066217194,24.35482587685891
Madhya Pradesh,56.83957310248886,Groundnut,312.7210421650607,30.8655982298007,16.94807088685452
Uttarakhand,44.3616698576824,Rice,316.8801331037601,33.86760554049236,10.658536340618168
Andhra Pradesh,60.51331616228025,Maize,279.4061516938766,36.83682753408089,17.673145430612177
Karnataka,67.19144423845228,Wheat,275.6196887963753,39.567923131166246,1.8212613049156108
Tamil Nadu,60.36274948784298,Sugarcane,278.372090609019,30.984105246598276,15.016877532985806
Andhra Pradesh,49.68817261653873,Soybean,319.7226071189148,42.46344284479761,16.639105864215427
Karnataka,55.72155471487608,Cotton,278.95077595898687,33.64438199478715,19.62135069768915
Nagaland,51.69122875268619,Sugarcane,314.48874284482065,34.89316352825782,9.930520238537312
Nagaland,20.006777989634354,Groundnut,403.77003993227197,31.263941604260882,15.428435807016795
Rajasthan,32.69735863624954,Maize,343.5562351715846,22.878798698635293,10.372876869702063
Uttar Pradesh,63.784777053245655,Soybean,283.69882339160796,39.42022698180525,16.276918778371584
Meghalaya,40.97566413585248,Wheat,360.06069610819725,38.684219485462165,10.52326838818488
Madhya Pradesh,60.77873513389124,Soybean,279.5962313489224,33.593362214408934,12.959495804198896
Gujarat,86.76668625680637,Rice,198.0937732411073,35.33495358612436,10.020923026048855
Andhra Pradesh,72.87730081399852,Jute,249.5956844541298,37.5796960885205,18.255681209118286
Uttar Pradesh,80.604444017657,Sugarcane,206.4604039487072,27.187270715567287,19.29225558328333
Meghalaya,62.036784165322786,Rice,282.42432579793456,32.35473661326853,13.82689715021293
Andhra Pradesh,54.208228956055734,Groundnut,300.9209189594776,38.971323398109135,15.191189974800142
Mizoram,32.998850370171425,Wheat,383.82186561376415,28.728552884153753,7.75704292683228
Goa,51.13180129135721,Sugarcane,316.34636868820814,36.46778966083315,13.501616759966065
Arunachal Pradesh,56.74987468118376,Groundnut,289.0449735595568,28.217090976882975,14.748976914791276
Mizoram,36.368134828936064,Rice,341.47027905917446,37.33214991216763,28.103965455149876
Goa,89.52302584014673,Rice,189.44323454960573,34.82179258851258,9.440164871129182
Maharashtra,45.15201876469784,Jute,311.7807279054283,26.924340920472453,22.32088619376219
Nagaland,41.45244433514386,Sugarcane,338.54325969434836,40.82369677228586,19.98429386732904
Goa,73.09902706896409,Wheat,226.0706877110079,31.327042116009753,16.403182022450682
Jharkhand,31.497443478277148,Rice,357.1877021603465,30.948737814928094,23.793102420975668
Telangana,55.664156040176174,Maize,316.9248203747207,36.00284598615472,16.860527363034315
Nagaland,65.73545284381787,Jute,279.2356043049599,40.743186747143575,16.945795978339643
Jammu & Kashmir,49.54603111048787,Groundnut,331.63909330531425,29.920890905108017,14.734396734912274
Himachal Pradesh,15.6157723684955,Sugarcane,413.5346428902198,35.308399249239855,21.117844412093138
Haryana,51.46564682019653,Cotton,309.09331275292476,37.14408250165287,20.482346169054416
Uttarakhand,48.2359124847639,Cotton,312.4110293150168,38.46552803631572,11.871613562518938
Jharkhand,60.67507358250619,Wheat,277.0319550229878,35.882207776386124,8.403764027006163
Mizoram,64.2161355684543,Maize,257.5077815267604,33.16486080458339,13.985096813021714
Tamil Nadu,45.42928009698329,Rice,341.5167908272123,30.862048896756402,10.999807178011768
West Bengal,66.29836587800385,Cotton,257.1958087045566,35.43071941523188,14.682377126923225
Uttar Pradesh,54.189589499939736,Wheat,303.5783118609696,29.639304940071966,21.187190673420695
Goa,60.35515307436631,Groundnut,276.1171276617442,20.393247582526964,12.713491724566051
Maharashtra,54.748085345399055,Jute,323.9489912873196,37.18279902078834,14.785883093442125
Sikkim,46.02921601815117,Maize,316.68310526434743,39.519674205430974,15.290113674041976
Sikkim,39.03986110882315,Maize,351.87699721289493,23.18533782229081,19.242154411026423
Goa,66.38553960988813,Soybean,274.49918005726266,29.95134647645031,3.7655533300769743
Uttar Pradesh,56.88122120209069,Wheat,286.5062532353314,38.09577130502599,11.966498526173517
Gujarat,74.48523418717402,Wheat,251.06181421088462,45.2874773485585,16.056418461397364
Kerala,61.091337338342235,Soybean,277.7853369961944,35.10396853837704,21.000394782134308
Assam,47.67081815220862,Jute,318.8650246522426,31.35998529385433,12.540487762468974
Maharashtra,42.073930260361166,Rice,337.8494308322676,34.0855177944758,5.61723646979063
Sikkim,67.25465164758168,Wheat,253.89173379111872,41.87438209574093,18.098557229830682
Odisha,47.34493437068468,Soybean,343.480296005283,31.770179104377323,11.823188055871853
Tamil Nadu,34.1926906333926,Rice,367.78189294024753,31.00403996674873,9.051666704548193
Meghalaya,50.577623469090064,Jute,320.6717451611851,32.58628238908984,11.87827305143388
Gujarat,22.88572803504272,Rice,393.8397906279033,30.233356958706437,14.077373211720753
Haryana,64.4398552426349,Sugarcane,261.3105400448213,35.61335157997398,11.976276677308936
Nagaland,80.3670756505099,Maize,237.76726483442914,43.1233922923478,3.9721697145046537
Tripura,76.72094360264788,Groundnut,211.06398755478608,36.615396365580146,19.485330984435663
Madhya Pradesh,29.26601838333236,Maize,374.8022155744592,33.73823248936856,21.374375206393612
Rajasthan,43.78502028380423,Maize,332.71828281770286,33.54094365542228,18.25760995669753
Himachal Pradesh,54.77549088312874,Sugarcane,297.22076645447726,27.184045956516716,9.311571647875917
Jharkhand,50.955246723512396,Rice,313.998431315991,39.415548885735795,13.99254233026241
Rajasthan,72.48132279925503,Rice,243.72554763508117,34.61081401493599,14.967393423852709
Tamil Nadu,19.016439033803785,Wheat,422.2875989808413,34.097600432046875,17.993971947809552
Jammu & Kashmir,57.962450926236805,Sugarcane,306.4610590987614,50.965537839224304,18.341702443590403
Himachal Pradesh,50.87172186025837,Wheat,305.46973973024467,36.49376454182843,11.32913100610752
Manipur,41.715433601974176,Sugarcane,336.2883311949346,31.24104474952408,15.409977782067802
Punjab,49.8945813537715,Wheat,324.05046158683564,32.86821201897229,17.286402023076207
Arunachal Pradesh,53.85102592584854,Cotton,311.19420121395655,40.74222854598378,22.279111610733832
Tripura,61.71542322212764,Soybean,260.4762772277344,35.56635205268882,18.522532699123616
Madhya Pradesh,45.98621261650932,Maize,323.5734178567998,27.808610108413166,18.945283436877595
Arunachal Pradesh,21.247212596521006,Maize,394.1012248237517,39.596144672876015,15.419133139646805
Odisha,32.297625475158085,Jute,367.27100230774886,31.65927957230503,22.05229572601752
Uttar Pradesh,38.09693358232407,Groundnut,379.65933133196984,44.366488881087726,17.048813979797487
Arunachal Pradesh,61.36983802049141,Soybean,274.43921617844074,40.40024032857324,10.694560449132148
Assam,65.02368950804617,Rice,250.51975898707096,32.76339052170624,22.016849850625952
Goa,59.55819752408517,Groundnut,293.7106539950176,41.40508180867556,18.489516362695138
Assam,49.46353793297036,Cotton,302.78624561443473,35.339277552637014,12.784779894357587
Jharkhand,37.564806754993135,Jute,354.70957592354745,39.263868375611096,12.602535163003783
Telangana,82.01140414538034,Groundnut,215.37676851425903,37.42366408647237,16.48287772570381
Jammu & Kashmir,28.121372744902658,Jute,376.4775159730307,30.768216725045633,17.315923976337924
Goa,55.172787975830126,Maize,292.0996050710505,31.78225083841269,15.986461328156032
Tamil Nadu,64.071827834715,Rice,278.655946502629,40.14980408790581,16.556543367214424
Meghalaya,69.0058120299274,Cotton,249.39478123699163,33.326123339467294,23.499786872881902
Mizoram,78.68746371001319,Maize,217.25716640671152,32.981757683790015,20.35771576117443
Odisha,39.743293755254676,Soybean,341.1585291980957,30.224387103253235,15.953177956325122
Assam,54.12962544910804,Wheat,303.66589835942017,37.11799532796731,19.706552903837416
Nagaland,76.89143063061424,Sugarcane,235.5019550129473,45.31262459621573,9.837380482362303
Gujarat,73.66212524636917,Cotton,235.2460613968192,29.662335428728635,16.989635249734043
Himachal Pradesh,56.409827435174506,Rice,283.2107650354936,35.12109728336379,24.04653174866555
Punjab,30.713645736184684,Jute,383.45107626446963,42.061102777077146,13.90977052303813
Kerala,56.05366761691275,Groundnut,287.02043243181976,34.60179304377142,10.761830356904575
Chhattisgarh,78.08342385509371,Soybean,224.8428523440947,37.26185898124867,11.739555557034697
Assam,55.419895113347486,Groundnut,287.7128467957028,29.688032359265602,9.551834813288059
Karnataka,56.432183753416886,Cotton,286.3638215126165,37.141535486038244,11.076190459361483
Tripura,95.88951575365363,Soybean,165.15566785292143,34.06427867497726,13.147459507049856
Bihar,58.36806801476978,Rice,297.2852566741094,39.928649978399314,7.97216490410679
Chhattisgarh,61.69842408757089,Cotton,288.45327348956613,40.936930257823754,15.078091669748016
Andhra Pradesh,44.99662722830532,Rice,334.81031824067094,47.94781821009307,19.511385868933235
Jammu & Kashmir,29.405204475960144,Groundnut,392.44780474726724,37.89816586606788,10.4612190992654
Uttarakhand,38.20000867065259,Maize,356.3282514773879,36.62898158291083,22.596419618208845
West Bengal,59.6115168488765,Soybean,286.5555654722585,35.97192150788668,17.553960442637973
Nagaland,67.2569994861488,Wheat,244.6737045629165,33.23416853594656,20.152902928120287
Kerala,17.22155831263734,Maize,428.667990162493,36.692419217308455,11.710827230739316
Madhya Pradesh,53.53733928701888,Wheat,302.96092170072444,33.52299294930485,19.272626135333077
Himachal Pradesh,55.458530243697254,Groundnut,300.6964645956473,35.84230488134807,9.540330498023435
Arunachal Pradesh,49.32968858456578,Jute,298.79374564449984,41.587987678039795,19.451237504182544
Chhattisgarh,50.597874598557645,Soybean,309.90423803839275,29.967287173601793,15.859196698967656
Madhya Pradesh,64.1533891299232,Maize,292.7819794038029,40.699392805645225,17.76625609992392
Meghalaya,64.64494513568188,Maize,271.3168996559882,41.58557533669933,9.12202697187574
Meghalaya,61.156300714691334,Cotton,272.6570529379804,34.40965736504461,10.524650788616977
Telangana,52.983124851466435,Sugarcane,298.36233648920006,24.390725504957025,17.986141091266923
Assam,63.69206424503139,Groundnut,272.82876144331175,31.960890064527838,10.258259978878996
Sikkim,69.90370577994116,Rice,264.35771086614176,41.484972732805545,17.316031460495616
Bihar,50.28240344369171,Groundnut,305.3215113845948,34.88565968850559,8.164310967698771
Karnataka,58.52416759530317,Rice,287.2511391289572,30.003488838525445,19.24087106333334
Tamil Nadu,34.128309101555764,Soybean,375.1996494291344,32.476125393858915,8.837383426157455
Uttar Pradesh,94.39779814957193,Rice,167.4515095803494,39.20310013252276,17.761499688397617
Maharashtra,39.16110971125018,Jute,354.5753425961231,37.7336678410069,18.128154668230003
West Bengal,39.16211100620014,Wheat,362.30425962488147,33.805339504151526,11.516140907852126
Assam,87.28591764219146,Rice,196.3304883795925,33.16587794092656,17.910132835423635
Meghalaya,55.46780942519916,Rice,282.8656202959826,33.04120925478089,16.30221131666778
Sikkim,61.885549136204666,Cotton,281.4279567002104,30.387949077507486,12.30579071903631
Manipur,78.27676774095895,Maize,229.62441526410893,43.07687844734721,9.95722657961896
Uttarakhand,67.75395516548667,Groundnut,261.1091656204562,33.3883976539433,5.186871541637105
Jharkhand,72.52329077764624,Groundnut,244.47120772670857,41.085792604127484,16.748250236498468
Himachal Pradesh,30.905313821123016,Soybean,387.6135221711811,42.60658025961226,7.175986143189724
Karnataka,45.08999092778268,Soybean,346.7839196573731,39.9915544907398,15.476720997206542
Meghalaya,34.80959713042808,Jute,363.57775474970794,32.84189843640976,13.682758919588755
Jharkhand,40.11629990314554,Rice,336.0836032021617,37.018650451683044,18.39571387719098
Mizoram,70.49261437804209,Sugarcane,243.54741143913856,34.87902196804542,13.489772502550679
Odisha,62.0918057577438,Groundnut,273.7739866860113,30.48149069634936,13.352761068264543
Arunachal Pradesh,50.527600093578926,Soybean,324.4687280613959,36.62179640860801,18.659353521441478
Telangana,72.92485509993477,Rice,238.89360955540275,29.10480104420099,16.675290145420586
Tamil Nadu,42.325799463898214,Soybean,335.6499215086194,40.93839694230782,16.58077978591389
Arunachal Pradesh,64.56194335223697,Jute,287.98373009209325,32.67691351350803,17.34633794904263
Goa,62.51685077667758,Wheat,281.25895962252014,36.0057982793642,7.322139383964471
Odisha,47.26334383146556,Wheat,335.54799841017456,36.41643935773071,18.78394339993491
Haryana,46.45994014213814,Soybean,322.21316557430197,33.705475131479616,18.06234397006801
Uttar Pradesh,63.111752623442186,Wheat,281.95169170904603,37.933469007376374,9.916584357117515
West Bengal,39.202978114831915,Soybean,357.96649016821243,32.62548171688738,13.779597631628993
Assam,75.45717752954256,Rice,245.94683362000512,39.35648648728622,14.803463561861845
Uttar Pradesh,46.88082339829226,Cotton,330.7967803472132,28.270101598766257,14.327516077991337
Maharashtra,48.01566958199297,Sugarcane,329.6550628984192,35.63189789773206,16.669299832842672
Tripura,59.20583172479097,Rice,284.5226780343005,44.694644995291426,22.156833909155917
Meghalaya,45.65792849515985,Cotton,316.3066511121059,29.998343376972127,20.408833638364143
Andhra Pradesh,74.6361056780643,Cotton,237.44432118073485,31.611275147375743,8.438904032842968
Rajasthan,43.4299785353177,Groundnut,346.20135096034505,37.569539248294575,18.110349951530242
Assam,55.58615369872128,Rice,290.75489317785053,35.89790890969799,21.64466659767705
Sikkim,65.59266612854375,Rice,273.86384897404804,36.753150496367795,16.934042603446013
Uttar Pradesh,42.66030803961261,Soybean,352.4504612918445,37.44593565073832,20.454902125929834
Nagaland,61.240770901394335,Cotton,264.782815472862,38.17360734280885,25.061352228503825
Himachal Pradesh,73.52785932992182,Cotton,229.57693518182202,40.54849920978111,20.118547730534907
Goa,77.70645129339383,Cotton,222.16854132380482,37.04909328464257,16.246542978208645
Tamil Nadu,45.04037012292467,Soybean,330.300497567282,33.79371172690729,20.225442370423767
Rajasthan,72.80922424826971,Groundnut,235.97853237518586,38.362868506013655,15.724439165484457
Tripura,34.407060185905365,Rice,387.7397090992182,44.49940967447608,15.119515216424777
Andhra Pradesh,87.19017137788293,Cotton,195.9035296058139,34.33683126808713,13.242928821431338
Rajasthan,26.491326890344837,Wheat,384.8228184145019,30.127353476646793,22.81706679416054
Jammu & Kashmir,49.03879323063905,Rice,310.55087336013094,40.53540334643486,10.907856670289993
Jharkhand,50.42946834447366,Soybean,295.1643444064804,34.39809418023201,22.66183862339058
Jammu & Kashmir,60.4318820654894,Groundnut,272.7540456595525,24.13665226992982,17.49932061870186
Goa,44.32763118018773,Wheat,319.9568057176035,39.23710838575211,8.003469125990293
Tamil Nadu,57.093847816419355,Soybean,298.1182648787576,32.32335907023039,16.83824646495711
Kerala,39.182079087394484,Maize,355.1650941008261,34.5473335884792,4.49986746174188
Bihar,62.327667026016876,Rice,305.71138243310196,36.65990165284507,18.12754008415518
Uttarakhand,58.56910202437668,Maize,307.51508807309386,35.95249839889533,19.426157414944953
Madhya Pradesh,60.76719666473386,Soybean,281.8193893893072,38.547259085695195,12.038220221739731
Mizoram,54.359983567619786,Soybean,297.15271881394665,32.82256814715078,15.61773847977791
Jammu & Kashmir,51.6793024104647,Soybean,315.39008844460295,37.565528990880416,24.770787168751433
Haryana,85.43375390812149,Cotton,214.49158036716872,33.702266612080415,12.471266478690318
Uttar Pradesh,71.64547979796254,Groundnut,232.59072889471435,38.694052404437514,9.705462064716997
Punjab,37.31737598373654,Cotton,337.1632047011357,38.07683742006527,22.408317012312992
Assam,47.124484443324796,Groundnut,308.5432719063971,30.322806489777022,24.812935952653973
Kerala,60.27962432083418,Sugarcane,290.80083318236603,40.42991058087516,15.018478359239237
Gujarat,54.11868673157044,Cotton,300.92169665326963,32.32018277442976,20.05731517704178
Kerala,52.2117181739397,Maize,317.37908526808354,39.040288991405724,21.707379577654407
Arunachal Pradesh,60.07764114002789,Groundnut,273.0120159845319,36.8364365670067,11.287578837308079
Telangana,61.84403837315795,Cotton,261.08476372988434,44.190918383975614,12.573470823160658
Maharashtra,52.71533075955095,Rice,309.79226275488406,33.88267008814074,21.154372565773674
Sikkim,64.7370752367997,Soybean,251.0813611192484,33.25341601940901,23.425071393542545
Tamil Nadu,41.72120517659773,Groundnut,320.4126377857236,34.90290197056134,17.814404300871775
Chhattisgarh,80.91987430065704,Groundnut,214.87081978810798,33.48410108582862,10.600928232489728
Himachal Pradesh,40.54148914142567,Cotton,351.4577818662822,38.99970950971025,24.935305558497205
Rajasthan,45.52201346022633,Sugarcane,323.6298741206522,26.91844695781706,12.345145510940178
Karnataka,48.26819389905181,Cotton,312.8014867156938,29.73158790426823,13.324311094142741
Chhattisgarh,37.6132617590128,Jute,349.1345491972757,29.660985392104035,16.711689172448107
Assam,28.047574320649282,Maize,383.27372222312886,39.751537959867875,22.77080210357387
Jammu & Kashmir,36.44303226627588,Maize,350.7185032509065,43.553066862909624,19.269879882761117
Mizoram,79.48506040021032,Groundnut,207.95628843341774,34.47775390731264,17.074327501809552
Arunachal Pradesh,74.64183746570242,Groundnut,236.02115166321494,34.155891384049944,17.31644265059053
Telangana,64.8642631722525,Cotton,268.75907111521605,35.35026081556591,15.21757334321733
Andhra Pradesh,55.465798839960875,Maize,301.30455251054167,40.80939151304095,17.79069757259253
Gujarat,44.85079631888608,Maize,325.88295102345614,30.36323432904713,2.3521996115284853
Maharashtra,65.37783382006167,Sugarcane,263.71280934232675,36.191844913673926,13.516962704651007
Chhattisgarh,46.060399378889755,Rice,309.3383382238539,39.87598814891215,16.206609674583905
Odisha,67.99243633350824,Sugarcane,262.23085338233386,37.50547084969923,9.244929581902465
Uttarakhand,67.82781609849953,Jute,269.4241098504026,35.94790808299372,16.9316165890578
Uttarakhand,72.56204296493546,Wheat,229.66694515758888,40.005230462835705,13.977643895069392
Karnataka,61.74198425730164,Soybean,253.8383376944548,21.483838535003812,23.77737849157745
Tamil Nadu,75.16538044819883,Sugarcane,232.41576971918332,38.38937659765454,22.865098626074282
Tripura,72.53013311389202,Jute,251.20633735113336,31.72962158436288,12.670972154409185
Arunachal Pradesh,35.2054963751835,Cotton,352.682089830392,25.846835515717714,14.245811442166524
Haryana,67.33178930798593,Rice,252.53005555840286,37.556012997624904,14.630262171958037
Himachal Pradesh,11.024173908855937,Cotton,431.61910324186954,41.86829272581479,12.741702619201886
Jammu & Kashmir,47.01225984889093,Soybean,324.6658950440445,34.31275742686154,15.975124920140633
Assam,59.64999230852148,Jute,309.2418061847437,39.76437273601469,11.208589655562049
Arunachal Pradesh,71.15583234053123,Wheat,257.0821109909393,43.06139128994323,9.346923325312368
Gujarat,44.88339168274925,Rice,335.0154939704496,41.57457226792024,18.113556119501343
Chhattisgarh,65.4856325347275,Groundnut,271.21810868811133,43.199822646856965,18.147647921109055
Rajasthan,54.20926407997867,Maize,306.1004907322681,38.71063745535946,10.978421201700037
Uttar Pradesh,12.810169070602988,Sugarcane,428.00422691343977,35.377168194507966,19.476777153812996
Chhattisgarh,57.02133048577388,Jute,295.1970050137675,26.990170940514158,11.842111354173344
Punjab,37.3356216006013,Cotton,357.4636663142838,33.76968755935026,16.265826190189905
Madhya Pradesh,63.32890066037987,Wheat,264.84117874370565,30.783767023419042,19.10172006306228
Rajasthan,54.693443462085426,Maize,298.2505754751519,45.85471358748907,14.831937176481436
West Bengal,31.13489494758633,Sugarcane,388.5400317817755,34.120570937838316,17.27370456070567
Punjab,66.49694284525222,Maize,268.65164711061163,35.61602403392243,12.417851780562142
West Bengal,26.389221887772372,Sugarcane,390.62242789984646,37.75742688020234,14.017667082859514
Goa,47.06909357565968,Jute,335.38759677277375,35.21801223186227,13.970702845598298
Punjab,64.13068182138734,Groundnut,271.8766612052866,43.47525520215376,11.267108267298806
Nagaland,42.01079419143922,Rice,331.6203869527761,31.88675319132774,14.116129184421089
Tripura,39.184549769653785,Jute,348.6277224813365,35.97303727618621,7.256908505681267
Arunachal Pradesh,39.33574674675435,Maize,331.0904981108598,31.28764707150976,12.544231264289476
Tripura,78.15208847479965,Maize,221.48876400547718,28.39988744389647,13.575622533151646
Uttar Pradesh,59.37986122186615,Maize,263.64314120875656,31.941154545473573,13.7191012375231
Goa,54.65960762471642,Rice,287.62406822242474,34.81481601475794,13.792512770646105
Himachal Pradesh,48.876501226847346,Wheat,296.2783285449977,32.8534888774137,14.691179000699355
Tripura,43.603868500568105,Sugarcane,331.0336048775339,31.53789510063072,17.39720759043032
Assam,48.85516833936226,Jute,308.8850500466627,27.96841268164083,19.372585370662613
Andhra Pradesh,74.03767828319239,Jute,233.23278206449493,34.584472136856526,11.751173865758664
Andhra Pradesh,44.883936256935,Groundnut,319.00989255029816,27.476398129844988,8.983995723054278
Odisha,43.608992717823284,Maize,330.52928726419117,38.80027981844801,9.789777938784486
Chhattisgarh,47.97799497881592,Soybean,327.989522396552,35.41219876467252,12.563985394025364
Madhya Pradesh,35.11991225379288,Jute,354.0390362777311,27.71224250267535,13.240393410917454
Odisha,43.19583840862406,Rice,341.6961077274452,33.453954614750685,11.150019669012714
Kerala,45.15850413301871,Wheat,322.95900396142184,31.239217972047083,8.519416678750527
Meghalaya,56.85334810745428,Jute,296.4917144270677,36.595872552095905,12.719395862629058
Tripura,84.79607451830947,Sugarcane,216.95195332420042,41.702252230115725,15.907133100569856
Tripura,46.970572193827984,Rice,321.4809109566293,25.624137651771278,17.975147329177823
Odisha,50.737651112319995,Groundnut,310.38438435815556,35.575130395737084,12.212884734458394
Assam,51.329270329825846,Groundnut,313.5789418597687,34.1993360221668,12.935010889282829
Kerala,74.57260403595146,Sugarcane,236.16257120898453,38.35670038225233,10.366508455763446
Chhattisgarh,71.01941770818951,Maize,245.94717297958687,36.06598314118845,14.842804148126119
Arunachal Pradesh,37.50804236638027,Groundnut,352.6576426666452,31.240153341305906,10.757856829045927
Sikkim,53.658662231925014,Wheat,298.02224230716723,33.40473032166691,17.865639066206
Gujarat,45.50462558997989,Rice,334.07503486863123,31.019870715982556,6.070667540329444
Madhya Pradesh,52.66482395799429,Jute,301.41591880652305,40.38003569299299,13.201851637737688
Tripura,50.711035181165656,Wheat,301.48780697478725,35.106558243359714,16.50553669595871
Manipur,38.29880503024734,Maize,346.9141902987999,44.50595342876504,15.919172581612521
Sikkim,54.90313432511071,Wheat,274.1977635891313,34.69669593092689,28.46516831990248
Assam,48.18622901964616,Wheat,304.8060388470492,31.457966165447687,16.749000122839536
Uttarakhand,60.973066703595215,Cotton,276.8862355647479,27.431428036935863,9.979727015789948
Rajasthan,56.22398135199553,Wheat,278.2751886283842,25.984301618720274,14.522678764554636
Punjab,60.34804573278776,Sugarcane,284.541393826568,27.079320284972553,6.118768332667742
Chhattisgarh,51.61768793765925,Rice,311.10668858168566,36.33563325505742,14.597001253516195
Telangana,57.10064558548259,Cotton,276.06256891682614,37.54362511614967,10.834719714996208
Haryana,34.82225145941334,Rice,362.78780627867604,27.094046489839332,19.57695137780081
Sikkim,71.91794250887757,Rice,255.26963488902481,39.475191570380574,12.252298627022325
Andhra Pradesh,53.80424818204148,Maize,290.65641779193203,32.5846947415828,14.416170421023766
Haryana,63.08276445007412,Maize,278.01344708629125,35.73396505992775,11.822210792977984
Telangana,30.50082977340751,Cotton,372.3488942176866,43.06110314127712,23.694256759266658
Nagaland,53.16593487582326,Groundnut,309.8277388255787,39.48419657932766,13.393786169410442
Punjab,33.168551493610934,Soybean,351.59222697343176,33.65734676047084,24.162785217396006
Uttarakhand,69.59453415636948,Maize,225.72198134815142,30.544038872923565,19.070758810591332
Meghalaya,46.270273259065085,Soybean,313.35251329346295,24.240922993353475,17.41033363667693
Nagaland,39.51493582334416,Maize,344.4815397811719,31.4042334037879,16.8436657365876
Punjab,51.416940339041474,Maize,304.11419946377123,33.94434880586153,16.968986491081257
Kerala,35.432301897342704,Rice,353.27401875326757,30.06410236424408,5.361637103271949
Madhya Pradesh,61.12681766904557,Cotton,274.13557749498136,34.34371516453847,13.605583029246217
Madhya Pradesh,33.411047310056766,Rice,370.46737200927896,35.38425941479384,19.225789855921608
Jharkhand,19.536834020873535,Jute,414.9449061809625,33.875720090959604,14.755514082629473
Gujarat,60.948051375066406,Sugarcane,281.85807197801705,31.7499870958827,7.974050765982125
Tripura,59.39156733001869,Rice,277.7248739299614,35.84327335983364,14.737977747112653
Maharashtra,35.12664699072302,Soybean,372.66922385588504,37.209703247847045,23.520527581277456
Telangana,24.739642206487154,Soybean,378.97860728653563,29.548004612785768,21.234458577673596
Meghalaya,65.53805826189598,Sugarcane,273.8569986423366,42.054661898731354,14.689979953169841
Manipur,63.35253827839284,Wheat,278.99065914520713,34.50705933857869,19.757246385290433
Kerala,60.49425778052455,Wheat,285.9107695569746,35.09424811472424,13.167464898159741
Himachal Pradesh,76.4504555026101,Sugarcane,232.77747444828614,38.541072116282784,6.480642065866405
Haryana,67.79536329276299,Sugarcane,254.0674026757901,36.16608065631751,10.377670059352228
Nagaland,72.40643444962156,Rice,249.7929616623966,39.76568316956622,22.81444384254099
Tamil Nadu,62.31553804661362,Sugarcane,261.61012174479356,36.43562082600912,13.630034590853478
Nagaland,51.54632336965348,Jute,298.2657556306609,31.93781312679781,13.78308010312491
Madhya Pradesh,50.44761231398313,Cotton,311.710736626826,36.80751762603051,13.500809018625597
Uttarakhand,31.777405114551577,Wheat,377.52502464070386,29.28136896339669,24.520682947865033
Jammu & Kashmir,69.2734200663281,Wheat,250.08229796306046,35.542798528882614,23.129794576810315
Nagaland,34.70894213787634,Jute,349.2161199238292,34.8338500467777,26.09390116724067
Manipur,56.63598053866827,Groundnut,289.3005577887246,33.9594157136373,14.204773947999744
Bihar,52.93408100731435,Jute,297.52681451737834,34.357312442805345,16.478122443735476
Mizoram,41.284481006168335,Jute,333.7409746083302,25.590754772511804,7.416787252896045
Chhattisgarh,72.288420452596,Sugarcane,243.86389892188507,32.25637546129519,22.384672130591373
Sikkim,45.75039603453456,Maize,319.12048730920253,35.46422450570557,9.161102243660325
Meghalaya,56.7903043404546,Maize,308.3226104106528,35.799281959987,16.083877818813146
Himachal Pradesh,49.29956589422803,Jute,324.62256320040746,29.86162429537021,9.513487361835779
Jharkhand,55.4448949899413,Sugarcane,314.4584321953909,41.328539204323505,12.05566586630652
Telangana,15.868416518070202,Cotton,422.7650069955447,30.669125758927496,10.813687844751499
Nagaland,65.3097585433575,Maize,268.1130007874342,39.84728600263368,11.96062369662091
Mizoram,59.132589585967274,Groundnut,273.45015224990914,37.13597180935842,12.304386484255108
Nagaland,61.96666714341875,Soybean,268.8429736787618,31.768863450780984,12.258656025374615
Gujarat,65.6773595278824,Sugarcane,272.22614404198725,43.87655446304756,19.166669558901535
Bihar,67.4989428048683,Jute,268.13064363467413,29.0318158412176,9.4756860346874
Uttar Pradesh,34.161249552578404,Cotton,359.4508265553776,39.59577086805001,16.102707135069334
Chhattisgarh,32.10934105023005,Cotton,371.0252123994927,40.00291159021489,21.089795761527792
Uttarakhand,62.24061845383994,Rice,271.46268531252616,31.646898954616777,12.43401817743302
Tamil Nadu,65.09762207845924,Cotton,258.38222134478855,41.962326500321645,11.410405546261991
Meghalaya,49.056972538303285,Maize,323.5707778193202,33.74976742700524,13.847376874098746
Assam,59.86694164651934,Jute,272.38884778595144,36.44346814639928,20.898626041803553
Uttar Pradesh,44.494091032939714,Soybean,331.6465908877755,36.3016091938561,15.970538154766789
Nagaland,50.366896649372265,Maize,310.146151042565,34.32845629264726,12.343928526962006
West Bengal,75.41123469458928,Sugarcane,224.21279425013842,39.05404136579891,17.419383255940197
Tamil Nadu,33.12168466297947,Soybean,377.3752600665031,38.967443602761065,9.488539250817883
Rajasthan,24.09452913420335,Sugarcane,389.7938836547761,26.257340133809095,18.40679755221474
Maharashtra,63.75328640007214,Cotton,269.3605654757807,41.52170121439076,17.043036538508836
Manipur,56.37526395821113,Groundnut,280.6149220032008,26.68754005982163,13.46095764430558
Mizoram,53.120193370290345,Wheat,314.29326953624525,40.16273102170829,10.807071007763845
Andhra Pradesh,56.55755430535859,Soybean,316.72283949935127,40.633525684137915,10.566595388582714
Tripura,43.184627443412595,Jute,332.92721363364154,29.54516784892401,17.674086681729552
Rajasthan,25.630642972574257,Rice,400.5102269383175,32.945928560227074,21.14490251244531
Mizoram,52.1840004513461,Wheat,291.1526386252975,29.47147665757032,11.813461264856027
Tamil Nadu,66.2624622678183,Cotton,260.0851377730773,33.92539484855632,17.29193351775742
Tripura,73.40749857435762,Cotton,231.03403859927363,33.45982857907129,4.564864906989657
Karnataka,62.471629638017355,Jute,263.45349800290404,38.8983026613467,12.076911346714002
Mizoram,54.337650812936374,Wheat,298.34365135631015,41.55154373059804,14.84470533564549
Uttar Pradesh,33.56299967402847,Rice,389.7278931758894,41.97841905394978,10.451582915090832
Maharashtra,65.26541659494441,Soybean,274.1194350481914,32.189159867108486,10.31746812605202
West Bengal,52.175838457267595,Soybean,311.18939758194495,33.95389063127736,11.661102217655568
Punjab,47.809096993811636,Wheat,299.1788551963624,26.58280903889525,16.460963641631867
Odisha,35.20260723663129,Sugarcane,359.4196636724042,30.970649667519055,14.063354907968126
Rajasthan,20.556425779976557,Maize,426.3466212936811,39.82425816548729,3.808843833375139
Gujarat,66.82339527766604,Groundnut,273.45656135398394,43.07791411774116,4.396499236824669
Telangana,55.33593761407681,Sugarcane,275.5280278740889,28.82825564060039,11.965674110714122
Madhya Pradesh,34.95901041148008,Soybean,352.2080438534536,32.03767870423553,17.28843293026776
Nagaland,46.46140608585798,Maize,334.0945744813156,34.867971215205365,1.2624757863738267
Tamil Nadu,29.09637055986002,Groundnut,392.3353662868017,36.400805794098034,12.501349119241848
Maharashtra,38.578128532937775,Groundnut,329.1964092662982,30.95198240039177,12.368760717412894
Andhra Pradesh,58.63050425174615,Groundnut,282.035395460647,37.12030522232045,21.94168889104224
Gujarat,45.78667343124937,Cotton,329.53274153461547,32.63080326464542,13.074890941435681
Haryana,39.98272272161007,Jute,355.4351790291454,34.927738645608606,16.914944923704642
Nagaland,44.73684193667479,Groundnut,341.0241090598682,37.7314212400185,15.706285700437316
Himachal Pradesh,50.513815911522265,Rice,325.3637015553649,35.03211134905469,4.3471676009639975
Andhra Pradesh,34.799905340236506,Wheat,353.3337344794577,32.81807054736716,18.841036083158688
West Bengal,30.817171918060353,Soybean,358.4647795222836,34.451950980370846,16.07698252728144
Sikkim,31.933473750073034,Rice,369.10794955187635,34.55818520397332,17.54134319837295
Mizoram,43.73146658165311,Wheat,332.4354943794821,33.149944850589364,34.63118853218163
Odisha,62.72956251003997,Sugarcane,291.6440959841573,33.70601968666449,4.579435302507058
Jammu & Kashmir,54.7565642360492,Jute,307.3356843216661,42.99323585252358,23.62348324880554
Goa,38.545457028809906,Sugarcane,360.3254483254178,37.8045972397062,13.562762402998223
Assam,67.26719837680506,Wheat,259.1532164506382,33.5225984098542,16.436644522015047
Telangana,48.12350722821447,Rice,318.43366544364505,38.48477202255368,14.77243877349379
Chhattisgarh,59.96223076738089,Wheat,280.33305938363196,33.33090255121995,12.878818333009782
Arunachal Pradesh,60.969986540608815,Groundnut,301.43724114674086,40.86562318793321,12.150835358806207
Punjab,32.5524375632808,Cotton,363.92259313036493,36.84821096099047,16.647543677865045
Tripura,57.68054781605573,Soybean,309.55495340099515,34.46348927997886,7.414131516641604
Bihar,52.653882362053686,Sugarcane,302.32182740780746,37.23858462905139,18.75289583760883
Jharkhand,77.37365288964673,Soybean,232.00719295100404,27.145619239657503,12.91902797557373
Jharkhand,38.67424353829219,Cotton,337.312678301361,29.366162655450974,9.349653304798212
Telangana,45.486518182374766,Groundnut,332.2742090570538,29.030374968004722,12.749935710020932
Rajasthan,18.760035757992043,Groundnut,408.16273616527303,35.714715473818536,21.285746084312862
Karnataka,57.39706203324126,Sugarcane,284.61108825235,43.66257499742546,12.323324564918885
Jammu & Kashmir,54.18148722656373,Sugarcane,310.95751638319695,46.15650073096316,16.7922680910481
Meghalaya,55.17158168221026,Groundnut,312.46918418553776,38.19025550720379,11.345218621422633
Uttar Pradesh,28.12224151489213,Maize,378.8726639881737,37.50422237472228,18.7896092496181
West Bengal,48.59987969487276,Soybean,295.23522338065237,25.994711329236303,18.42753869395102
West Bengal,47.66782528027802,Jute,313.95107628851696,32.286631001329894,24.243044166482058
Mizoram,44.2679583334124,Cotton,330.39482548582697,31.061081240458805,14.122180272503922
Meghalaya,51.95222433476558,Soybean,309.33045615781793,31.89576200874442,18.343274023789533
Gujarat,63.73478120578494,Cotton,277.6783192724736,34.15928090707605,15.490337697694724
Meghalaya,49.62562323604533,Maize,309.70449964491536,32.63954711151436,21.47935890931507
Assam,42.165171136296934,Jute,353.6815874929886,25.10350094812106,11.405838061956349
Uttar Pradesh,70.79271271568666,Rice,248.674235029447,38.73955128058767,18.725026564386404
Meghalaya,50.30363771067942,Cotton,306.6484837073438,29.636284871300965,14.026513519416591
Haryana,60.484241874764656,Soybean,264.99395925304134,36.196234320555746,14.67905911445751
Kerala,38.11494532105642,Wheat,359.7523314462421,45.370413348749864,15.458762422241865
Assam,75.01308308961477,Jute,223.84065476081128,30.403077042067885,16.261201982133386
Mizoram,62.810465268813786,Groundnut,272.0539076364206,22.348562386268352,14.41885478439021
Rajasthan,49.640871845159786,Groundnut,318.86059375322606,33.569978890599444,16.073565915852633
Nagaland,27.277973043568444,Maize,378.27620146171705,40.50479817499286,22.890590287810923
Karnataka,57.4315769038912,Cotton,296.7124869463506,44.79173727110297,19.92724842807609
Bihar,62.56179438906556,Rice,272.24002366534006,28.852252027737915,19.34577296248448
Meghalaya,31.780916133813232,Cotton,394.0578534720295,37.48349611618261,12.722302369880646
Mizoram,79.13859770927311,Groundnut,227.59930497918782,32.67344771609973,10.55379585885838
Himachal Pradesh,88.81326353432351,Sugarcane,190.0597021689959,34.470258228479324,19.776502791188765
Goa,50.41458535772399,Wheat,322.00072250266663,48.221716735085174,19.380233962648973
Telangana,60.03805088435256,Jute,274.89728878236946,27.485148358024233,22.36335337875491
Jammu & Kashmir,74.41846718372642,Maize,248.93835914346434,36.26869830747287,11.980096870153853
Punjab,40.571936056079124,Sugarcane,335.41782236496766,37.33846585882716,13.852256723198265
Tripura,52.52764466705667,Soybean,312.19003568855993,40.42893162469674,6.80257918737283
Arunachal Pradesh,61.087891457266316,Rice,271.7960684631636,35.489915767354475,13.037644469695636
Himachal Pradesh,74.31793804647788,Sugarcane,235.9847800664553,36.540252697520515,19.982852552897235
Uttarakhand,44.99133483711101,Soybean,343.62286641400726,33.041757162891045,12.667523103859011
Rajasthan,42.63497742218237,Sugarcane,332.51005889793305,36.34563470622554,18.20239897600412
West Bengal,48.52189356307821,Rice,295.04120681103086,33.284038622512945,14.047484470010943
Goa,25.91306459983213,Jute,392.3318498023833,38.107859449280255,16.620285141107804
Assam,73.88327718834348,Sugarcane,246.49576168369236,33.15194831978183,9.261543050921663
Punjab,79.386085140172,Maize,223.72374145376307,36.88550196951093,15.426047248169505
Goa,68.81095172883693,Groundnut,265.4045965059378,34.85368593157511,0.044320145496383745
Gujarat,55.82513658654115,Cotton,297.72069918222513,40.63025125386084,14.065519209190075
Andhra Pradesh,48.36376294086582,Sugarcane,312.1669724661346,34.743031382057566,6.8476337814243
Tamil Nadu,56.41456577762176,Maize,287.9381971071835,26.134837658965594,21.029972582734082
Andhra Pradesh,47.47416921860011,Cotton,317.60276982571486,41.30960750356996,18.887036763822557
Chhattisgarh,78.33062731293069,Jute,237.4230287904778,30.471338495686904,17.333354909830405
Goa,32.31096474279335,Soybean,372.18823020366295,31.7311683067559,22.6050311357969
Madhya Pradesh,54.08753231864654,Cotton,295.89244108037155,32.02169352978254,10.255417395875813
Arunachal Pradesh,35.900460621304994,Soybean,355.86479157940636,41.87219046585409,23.736815989577792
Manipur,45.61756516213226,Sugarcane,317.1362673188852,24.32162893010652,19.660957821301924
Manipur,50.85916118598496,Maize,322.8376609576892,50.688742668299966,13.81722356390527
Madhya Pradesh,49.49692667096651,Groundnut,328.4883640116102,40.28028404533026,20.67810073591472
Uttar Pradesh,49.55502524740029,Sugarcane,322.3854280008658,36.116194570645796,9.468532437941828
Tripura,43.27427873186814,Soybean,332.1361379933772,34.72552999691857,10.877429192361632
Maharashtra,41.05329428357966,Rice,366.4576265066216,36.427770374288286,11.957051383801499
Uttar Pradesh,52.75653958651391,Cotton,309.82605848507353,37.60561214189669,12.355111459679923
Sikkim,47.84064823813097,Sugarcane,335.4501878794256,38.22607792975028,9.717211786198735
Gujarat,53.54407083218826,Soybean,295.51321528563864,37.778022330017244,21.115415335476627
Maharashtra,34.241704381415126,Jute,372.0058607724736,35.44790340627625,13.705727998150842
Uttar Pradesh,65.00752340785037,Cotton,266.1803848970365,34.01330789846337,16.762524841784398
Telangana,22.0351188477123,Jute,390.0470216455408,34.24363358173244,12.148243167931597
Jammu & Kashmir,62.52968251907778,Soybean,297.99210246778284,34.0254585982366,5.896983497257414
West Bengal,80.96905407822717,Maize,228.4612448940976,40.66885048433532,16.35028679195711
Jharkhand,53.77743095461954,Wheat,306.40522074553945,37.96778361140431,5.438725122901115
Mizoram,57.908783425090704,Jute,265.94741712625597,20.298056826678597,14.656829769572656
Maharashtra,44.8890282319882,Sugarcane,342.0321774494362,38.279503882648804,8.158424805835947
Haryana,62.97241161009518,Groundnut,267.36880103488045,35.97368097359387,24.936379996154038
Bihar,61.39137371686303,Sugarcane,277.69082833926103,34.90645621777051,19.556813610873608
Uttar Pradesh,82.87872978025933,Cotton,205.52296345272345,33.05740773455557,15.528768956357402
Meghalaya,62.992786308293425,Maize,277.38468403754615,40.620563599930065,21.318533388273345
Telangana,97.15299377243696,Soybean,178.80603366855217,39.73763231061429,10.768420112671322
Madhya Pradesh,78.55890560999703,Rice,220.80485882571384,31.135611660881956,17.717396893350465
Sikkim,40.18036174434046,Groundnut,338.02073280721487,37.03526143562267,15.999052168593568
Jammu & Kashmir,45.33550945723751,Maize,339.2900079325416,30.14171632729357,16.32010040666835
Tripura,50.18858974628346,Jute,321.27287808924825,28.101909176055347,21.361767500533837
Jammu & Kashmir,77.05879638054198,Jute,251.65119284353935,31.866413877050174,18.66246051389901
Punjab,52.57480847841588,Sugarcane,297.614432192901,39.311967361913794,16.443618314125118
Nagaland,57.882287194484675,Rice,299.8198730454716,39.76562522688043,6.725562818858519
Maharashtra,67.0959526606617,Maize,242.08176554037286,37.56542710048647,10.199768523602682
Nagaland,34.503260098468374,Wheat,375.1699150883575,38.625478934239986,14.386455332021379
Chhattisgarh,40.157206563425554,Groundnut,343.86811452878356,37.58089143557479,15.466861871383257
Uttar Pradesh,63.8119043358942,Cotton,288.9517913085168,31.792592023885238,9.34898137663038
Himachal Pradesh,50.069669356625965,Maize,301.34429194972654,37.159612723369705,27.058383377892106
Uttarakhand,45.84200630867327,Maize,310.41914039737765,39.00204762613841,22.581970276267864
Assam,84.10049106049226,Wheat,197.91325657878548,38.77145664906787,18.010591601962417
Haryana,53.599949448450104,Sugarcane,287.64113087397016,40.94456685737322,15.360184306418724
Punjab,68.01309760008061,Soybean,265.90078760011005,38.54151923600532,13.938955150494241
Sikkim,64.58895001308889,Soybean,249.91899950525422,36.757241037707914,10.240407699888822
Jharkhand,59.98748150780142,Groundnut,285.9449853557023,40.350751191582134,15.387402592594313
Sikkim,20.921361043321745,Groundnut,389.88432634247613,34.8673937037547,16.288762700713754
Odisha,43.92106869677828,Cotton,332.0421430633505,30.59062674386141,8.791197122591878
Rajasthan,67.48929302211396,Maize,271.4410505108602,34.18466518028118,16.670882086224488
Uttarakhand,46.17936622338757,Rice,328.62913906780796,31.275486775967757,14.223704755876255
